Country,Year,Sunni,Shi'a,Ibadhi,Nation of Islam,Alawite,Ahmadiyya,Others,Total
United States,1945,NA,NA,NA,NA,NA,NA,NA,NA
United States,1950,NA,NA,NA,NA,NA,NA,NA,NA
United States,1955,NA,NA,NA,NA,NA,NA,NA,NA
United States,1960,NA,NA,NA,NA,NA,NA,NA,NA
United States,1965,NA,NA,NA,NA,NA,NA,NA,NA
United States,1970,NA,NA,NA,NA,NA,NA,NA,NA
United States,1975,NA,NA,NA,NA,NA,NA,NA,NA
United States,1980,0.0106,0.0011,NA,NA,NA,NA,NA,0.0117
United States,1985,0.0092,0.0013,NA,NA,NA,NA,NA,0.0104
United States,1990,0.0081,0.0011,NA,NA,NA,NA,NA,0.0092
United States,1995,0.0081,0.0011,NA,NA,NA,NA,NA,0.0092
United States,2000,0.0081,0.0011,NA,NA,NA,NA,NA,0.0092
United States,2005,0.008,0.0011,NA,NA,NA,NA,NA,0.0091
United States,2010,0.0079,0.0011,NA,NA,NA,NA,NA,0.009
Canada,1945,NA,NA,NA,NA,NA,NA,NA,NA
Canada,1950,NA,NA,NA,NA,NA,NA,1e-4,1e-4
Canada,1955,NA,NA,NA,NA,NA,NA,1e-4,1e-4
Canada,1960,NA,NA,NA,NA,NA,NA,NA,NA
Canada,1965,NA,NA,NA,NA,NA,NA,NA,NA
Canada,1970,NA,NA,NA,NA,NA,NA,0.0019,0.0019
Canada,1975,NA,NA,NA,NA,NA,NA,0.0019,0.0019
Canada,1980,0.0064,7e-4,NA,NA,NA,NA,NA,0.0072
Canada,1985,0.0074,8e-4,NA,NA,NA,NA,NA,0.0082
Canada,1990,0.0081,9e-4,NA,NA,NA,NA,NA,0.009
Canada,1995,0.0038,4e-4,NA,NA,NA,NA,NA,0.0043
Canada,2000,0.0081,9e-4,NA,NA,NA,NA,NA,0.009
Canada,2005,0.018,0.002,NA,NA,NA,NA,NA,0.02
Canada,2010,0.0174,0.002,NA,NA,NA,NA,NA,0.0194
Bahamas,1975,NA,NA,NA,NA,NA,NA,NA,NA
Bahamas,1980,NA,NA,NA,NA,NA,NA,NA,NA
Bahamas,1985,NA,NA,NA,NA,NA,NA,NA,NA
Bahamas,1990,NA,NA,NA,NA,NA,NA,NA,NA
Bahamas,1995,NA,NA,NA,NA,NA,NA,NA,NA
Bahamas,2000,NA,NA,NA,NA,NA,NA,NA,NA
Bahamas,2005,NA,NA,NA,NA,NA,NA,NA,NA
Bahamas,2010,NA,NA,NA,NA,NA,NA,NA,NA
Cuba,1945,NA,NA,NA,NA,NA,NA,NA,NA
Cuba,1950,NA,NA,NA,NA,NA,NA,NA,NA
Cuba,1955,NA,NA,NA,NA,NA,NA,NA,NA
Cuba,1960,NA,NA,NA,NA,NA,NA,NA,NA
Cuba,1965,NA,NA,NA,NA,NA,NA,NA,NA
Cuba,1970,NA,NA,NA,NA,NA,NA,NA,NA
Cuba,1975,NA,NA,NA,NA,NA,NA,1e-4,1e-4
Cuba,1980,NA,NA,NA,NA,NA,NA,NA,NA
Cuba,1985,NA,NA,NA,NA,NA,NA,NA,NA
Cuba,1990,NA,NA,NA,NA,NA,NA,8e-4,8e-4
Cuba,1995,NA,NA,NA,NA,NA,NA,7e-4,7e-4
Cuba,2000,NA,NA,NA,NA,NA,NA,8e-4,8e-4
Cuba,2005,NA,NA,NA,NA,NA,NA,6e-4,6e-4
Cuba,2010,NA,NA,NA,NA,NA,NA,7e-4,7e-4
Haiti,1945,NA,NA,NA,NA,NA,NA,NA,NA
Haiti,1950,NA,NA,NA,NA,NA,NA,NA,NA
Haiti,1955,NA,NA,NA,NA,NA,NA,NA,NA
Haiti,1960,NA,NA,NA,NA,NA,NA,NA,NA
Haiti,1965,NA,NA,NA,NA,NA,NA,NA,NA
Haiti,1970,NA,NA,NA,NA,NA,NA,3e-4,3e-4
Haiti,1975,NA,NA,NA,NA,NA,NA,3e-4,3e-4
Haiti,1980,NA,NA,NA,NA,NA,NA,3e-4,3e-4
Haiti,1985,NA,NA,NA,NA,NA,NA,NA,NA
Haiti,1990,NA,NA,NA,NA,NA,NA,3e-4,3e-4
Haiti,1995,NA,NA,NA,NA,NA,NA,1e-4,1e-4
Haiti,2000,NA,NA,NA,NA,NA,NA,NA,NA
Haiti,2005,NA,NA,NA,NA,NA,NA,2e-4,2e-4
Haiti,2010,NA,NA,NA,NA,NA,NA,2e-4,2e-4
Dominican Republic,1945,NA,NA,NA,NA,NA,NA,NA,NA
Dominican Republic,1950,NA,NA,NA,NA,NA,NA,NA,NA
Dominican Republic,1955,NA,NA,NA,NA,NA,NA,NA,NA
Dominican Republic,1960,NA,NA,NA,NA,NA,NA,NA,NA
Dominican Republic,1965,NA,NA,NA,NA,NA,NA,NA,NA
Dominican Republic,1970,NA,NA,NA,NA,NA,NA,NA,NA
Dominican Republic,1975,NA,NA,NA,NA,NA,NA,NA,NA
Dominican Republic,1980,NA,NA,NA,NA,NA,NA,NA,NA
Dominican Republic,1985,NA,NA,NA,NA,NA,NA,NA,NA
Dominican Republic,1990,NA,NA,NA,NA,NA,NA,2e-4,2e-4
Dominican Republic,1995,NA,NA,NA,NA,NA,NA,NA,NA
Dominican Republic,2000,NA,NA,NA,NA,NA,NA,2e-4,2e-4
Dominican Republic,2005,NA,NA,NA,NA,NA,NA,2e-4,2e-4
Dominican Republic,2010,NA,NA,NA,NA,NA,NA,NA,NA
Jamaica,1960,NA,NA,NA,NA,NA,NA,NA,NA
Jamaica,1965,NA,NA,NA,NA,NA,NA,NA,NA
Jamaica,1970,NA,NA,NA,NA,NA,NA,0.0017,0.0017
Jamaica,1975,NA,NA,NA,NA,NA,NA,8e-4,8e-4
Jamaica,1980,NA,NA,NA,NA,NA,NA,NA,NA
Jamaica,1985,NA,NA,NA,NA,NA,NA,NA,NA
Jamaica,1990,NA,NA,NA,NA,NA,NA,0.0012,0.0012
Jamaica,1995,NA,NA,NA,NA,NA,NA,0.0013,0.0013
Jamaica,2000,NA,NA,NA,NA,NA,NA,0.0012,0.0012
Jamaica,2005,NA,NA,NA,NA,NA,NA,9e-4,9e-4
Jamaica,2010,NA,NA,NA,NA,NA,NA,5e-4,5e-4
Trinidad & Tobago,1960,NA,NA,NA,NA,NA,NA,0.0553,0.0553
Trinidad & Tobago,1965,NA,NA,NA,NA,NA,NA,0.0551,0.0551
Trinidad & Tobago,1970,NA,NA,NA,NA,NA,NA,0.062,0.062
Trinidad & Tobago,1975,NA,NA,NA,NA,NA,5e-4,0.0549,0.0554
Trinidad & Tobago,1980,NA,NA,NA,NA,NA,0.0011,0.0638,0.0649
Trinidad & Tobago,1985,NA,NA,NA,NA,NA,NA,NA,NA
Trinidad & Tobago,1990,NA,NA,NA,NA,NA,NA,0.066,0.066
Trinidad & Tobago,1995,NA,NA,NA,NA,NA,NA,0.0657,0.0657
Trinidad & Tobago,2000,NA,NA,NA,NA,NA,NA,0.066,0.066
Trinidad & Tobago,2005,NA,NA,NA,NA,NA,NA,0.058,0.058
Trinidad & Tobago,2010,NA,NA,NA,NA,NA,NA,0.0503,0.0503
Barbados,1970,NA,NA,NA,NA,NA,NA,0.0017,0.0017
Barbados,1975,NA,NA,NA,NA,NA,NA,0.0017,0.0017
Barbados,1980,NA,NA,NA,NA,NA,NA,0.0017,0.0017
Barbados,1985,NA,NA,NA,NA,NA,NA,NA,NA
Barbados,1990,NA,NA,NA,NA,NA,NA,0.0042,0.0042
Barbados,1995,NA,NA,NA,NA,NA,NA,0.0071,0.0071
Barbados,2000,NA,NA,NA,NA,NA,NA,0.0066,0.0066
Barbados,2005,NA,NA,NA,NA,NA,NA,0.0075,0.0075
Barbados,2010,NA,NA,NA,NA,NA,NA,0.008,0.008
Dominica,1980,NA,NA,NA,NA,NA,NA,NA,NA
Dominica,1985,NA,NA,NA,NA,NA,NA,NA,NA
Dominica,1990,NA,NA,NA,NA,NA,NA,NA,NA
Dominica,1995,NA,NA,NA,NA,NA,NA,0.001,0.001
Dominica,2000,NA,NA,NA,NA,NA,NA,0.002,0.002
Dominica,2005,NA,NA,NA,NA,NA,NA,NA,NA
Dominica,2010,NA,NA,NA,NA,NA,NA,NA,NA
Grenada,1975,NA,NA,NA,NA,NA,NA,NA,NA
Grenada,1980,NA,NA,NA,NA,NA,NA,NA,NA
Grenada,1985,NA,NA,NA,NA,NA,NA,NA,NA
Grenada,1990,NA,NA,NA,NA,NA,NA,NA,NA
Grenada,1995,NA,NA,NA,NA,NA,NA,0.0017,0.0017
Grenada,2000,NA,NA,NA,NA,NA,NA,0.0019,0.0019
Grenada,2005,NA,NA,NA,NA,NA,NA,0.0049,0.0049
Grenada,2010,NA,NA,NA,NA,NA,NA,0.0049,0.0049
St. Lucia,1980,NA,NA,NA,NA,NA,NA,NA,NA
St. Lucia,1985,NA,NA,NA,NA,NA,NA,NA,NA
St. Lucia,1990,NA,NA,NA,NA,NA,NA,NA,NA
St. Lucia,1995,NA,NA,NA,NA,NA,NA,0.0024,0.0024
St. Lucia,2000,NA,NA,NA,NA,NA,NA,0.0046,0.0046
St. Lucia,2005,NA,NA,NA,NA,NA,NA,0.0026,0.0026
St. Lucia,2010,NA,NA,NA,NA,NA,NA,0.001,0.001
St. Vincent & Grenadines,1980,NA,NA,NA,NA,NA,NA,NA,NA
St. Vincent & Grenadines,1985,NA,NA,NA,NA,NA,NA,NA,NA
St. Vincent & Grenadines,1990,NA,NA,NA,NA,NA,NA,0.0142,0.0142
St. Vincent & Grenadines,1995,NA,NA,NA,NA,NA,NA,0.0068,0.0068
St. Vincent & Grenadines,2000,NA,NA,NA,NA,NA,NA,0.007,0.007
St. Vincent & Grenadines,2005,NA,NA,NA,NA,NA,NA,0.0043,0.0043
St. Vincent & Grenadines,2010,NA,NA,NA,NA,NA,NA,0.001,0.001
Antigua & Barbuda,1980,NA,NA,NA,NA,NA,0.0044,0.0051,0.0095
Antigua & Barbuda,1985,NA,NA,NA,NA,NA,NA,NA,NA
Antigua & Barbuda,1990,NA,NA,NA,NA,NA,NA,0.0051,0.0051
Antigua & Barbuda,1995,NA,NA,NA,NA,NA,NA,0.0047,0.0047
Antigua & Barbuda,2000,NA,NA,NA,NA,NA,NA,0.0043,0.0043
Antigua & Barbuda,2005,NA,NA,NA,NA,NA,NA,0.0017,0.0017
Antigua & Barbuda,2010,NA,NA,NA,NA,NA,NA,NA,NA
St. Kitts & Nevis,1985,NA,NA,NA,NA,NA,NA,NA,NA
St. Kitts & Nevis,1990,NA,NA,NA,NA,NA,NA,NA,NA
St. Kitts & Nevis,1995,NA,NA,NA,NA,NA,NA,0.0015,0.0015
St. Kitts & Nevis,2000,NA,NA,NA,NA,NA,NA,0.0028,0.0028
St. Kitts & Nevis,2005,NA,NA,NA,NA,NA,NA,0.0028,0.0028
St. Kitts & Nevis,2010,NA,NA,NA,NA,NA,NA,0.0028,0.0028
Mexico,1945,NA,NA,NA,NA,NA,NA,NA,NA
Mexico,1950,NA,NA,NA,NA,NA,NA,NA,NA
Mexico,1955,NA,NA,NA,NA,NA,NA,NA,NA
Mexico,1960,NA,NA,NA,NA,NA,NA,NA,NA
Mexico,1965,NA,NA,NA,NA,NA,NA,NA,NA
Mexico,1970,NA,NA,NA,NA,NA,NA,3e-4,3e-4
Mexico,1975,NA,NA,NA,NA,NA,NA,3e-4,3e-4
Mexico,1980,NA,NA,NA,NA,NA,NA,NA,NA
Mexico,1985,NA,NA,NA,NA,NA,NA,0.0016,0.0016
Mexico,1990,NA,NA,NA,NA,NA,NA,NA,NA
Mexico,1995,NA,NA,NA,NA,NA,NA,0.0014,0.0014
Mexico,2000,NA,NA,NA,NA,NA,NA,0.0026,0.0026
Mexico,2005,NA,NA,NA,NA,NA,NA,0.002,0.002
Mexico,2010,NA,NA,NA,NA,NA,NA,NA,NA
Belize,1980,NA,NA,NA,NA,NA,NA,NA,NA
Belize,1985,NA,NA,NA,NA,NA,NA,NA,NA
Belize,1990,NA,NA,NA,NA,NA,NA,0.0053,0.0053
Belize,1995,NA,NA,NA,NA,NA,NA,0.0055,0.0055
Belize,2000,NA,NA,NA,NA,NA,NA,0.001,0.001
Belize,2005,NA,NA,NA,NA,NA,NA,0.0014,0.0014
Belize,2010,NA,NA,NA,NA,NA,NA,0.0019,0.0019
Guatemala,1945,NA,NA,NA,NA,NA,NA,NA,NA
Guatemala,1950,NA,NA,NA,NA,NA,NA,NA,NA
Guatemala,1955,NA,NA,NA,NA,NA,NA,NA,NA
Guatemala,1960,NA,NA,NA,NA,NA,NA,NA,NA
Guatemala,1965,NA,NA,NA,NA,NA,NA,NA,NA
Guatemala,1970,NA,NA,NA,NA,NA,NA,NA,NA
Guatemala,1975,NA,NA,NA,NA,NA,NA,NA,NA
Guatemala,1980,NA,NA,NA,NA,NA,NA,NA,NA
Guatemala,1985,NA,NA,NA,NA,NA,NA,1e-4,1e-4
Guatemala,1990,NA,NA,NA,NA,NA,NA,1e-4,1e-4
Guatemala,1995,NA,NA,NA,NA,NA,NA,1e-4,1e-4
Guatemala,2000,NA,NA,NA,NA,NA,NA,1e-4,1e-4
Guatemala,2005,NA,NA,NA,NA,NA,NA,1e-4,1e-4
Guatemala,2010,1e-4,NA,NA,NA,NA,NA,NA,1e-4
Honduras,1945,NA,NA,NA,NA,NA,NA,NA,NA
Honduras,1950,NA,NA,NA,NA,NA,NA,NA,NA
Honduras,1955,NA,NA,NA,NA,NA,NA,NA,NA
Honduras,1960,NA,NA,NA,NA,NA,NA,NA,NA
Honduras,1965,NA,NA,NA,NA,NA,NA,NA,NA
Honduras,1970,NA,NA,NA,NA,NA,NA,6e-4,6e-4
Honduras,1975,NA,NA,NA,NA,NA,NA,NA,NA
Honduras,1980,NA,NA,NA,NA,NA,NA,5e-4,5e-4
Honduras,1985,NA,NA,NA,NA,NA,NA,NA,NA
Honduras,1990,NA,NA,NA,NA,NA,NA,0.0012,0.0012
Honduras,1995,NA,NA,NA,NA,NA,NA,5e-4,5e-4
Honduras,2000,NA,NA,NA,NA,NA,NA,NA,NA
Honduras,2005,NA,NA,NA,NA,NA,NA,0.0014,0.0014
Honduras,2010,NA,NA,NA,NA,NA,NA,NA,NA
El Salvador,1945,NA,NA,NA,NA,NA,NA,NA,NA
El Salvador,1950,NA,NA,NA,NA,NA,NA,NA,NA
El Salvador,1955,NA,NA,NA,NA,NA,NA,NA,NA
El Salvador,1960,NA,NA,NA,NA,NA,NA,NA,NA
El Salvador,1965,NA,NA,NA,NA,NA,NA,NA,NA
El Salvador,1970,NA,NA,NA,NA,NA,NA,NA,NA
El Salvador,1975,NA,NA,NA,NA,NA,NA,NA,NA
El Salvador,1980,NA,NA,NA,NA,NA,NA,NA,NA
El Salvador,1985,NA,NA,NA,NA,NA,NA,NA,NA
El Salvador,1990,NA,NA,NA,NA,NA,NA,3e-4,3e-4
El Salvador,1995,NA,NA,NA,NA,NA,NA,3e-4,3e-4
El Salvador,2000,NA,NA,NA,NA,NA,NA,3e-4,3e-4
El Salvador,2005,NA,NA,NA,NA,NA,NA,NA,NA
El Salvador,2010,NA,NA,NA,NA,NA,NA,3e-4,3e-4
Nicaragua,1945,NA,NA,NA,NA,NA,NA,NA,NA
Nicaragua,1950,NA,NA,NA,NA,NA,NA,NA,NA
Nicaragua,1955,NA,NA,NA,NA,NA,NA,NA,NA
Nicaragua,1960,NA,NA,NA,NA,NA,NA,NA,NA
Nicaragua,1965,NA,NA,NA,NA,NA,NA,NA,NA
Nicaragua,1970,NA,NA,NA,NA,NA,NA,NA,NA
Nicaragua,1975,NA,NA,NA,NA,NA,NA,NA,NA
Nicaragua,1980,NA,NA,NA,NA,NA,NA,NA,NA
Nicaragua,1985,NA,NA,NA,NA,NA,NA,NA,NA
Nicaragua,1990,NA,NA,NA,NA,NA,NA,2e-4,2e-4
Nicaragua,1995,NA,NA,NA,NA,NA,NA,2e-4,2e-4
Nicaragua,2000,NA,NA,NA,NA,NA,NA,2e-4,2e-4
Nicaragua,2005,NA,NA,NA,NA,NA,NA,3e-4,3e-4
Nicaragua,2010,NA,NA,NA,NA,NA,NA,3e-4,3e-4
Costa Rica,1945,NA,NA,NA,NA,NA,NA,NA,NA
Costa Rica,1950,NA,NA,NA,NA,NA,NA,NA,NA
Costa Rica,1955,NA,NA,NA,NA,NA,NA,NA,NA
Costa Rica,1960,NA,NA,NA,NA,NA,NA,NA,NA
Costa Rica,1965,NA,NA,NA,NA,NA,NA,NA,NA
Costa Rica,1970,NA,NA,NA,NA,NA,NA,NA,NA
Costa Rica,1975,NA,NA,NA,NA,NA,NA,NA,NA
Costa Rica,1980,NA,NA,NA,NA,NA,NA,NA,NA
Costa Rica,1985,NA,NA,NA,NA,NA,NA,NA,NA
Costa Rica,1990,NA,NA,NA,NA,NA,NA,NA,NA
Costa Rica,1995,NA,NA,NA,NA,NA,NA,NA,NA
Costa Rica,2000,NA,NA,NA,NA,NA,NA,NA,NA
Costa Rica,2005,NA,NA,NA,NA,NA,NA,NA,NA
Costa Rica,2010,NA,NA,NA,NA,NA,NA,NA,NA
Panama,1945,NA,NA,NA,NA,NA,NA,NA,NA
Panama,1950,NA,NA,NA,NA,NA,NA,NA,NA
Panama,1955,NA,NA,NA,NA,NA,NA,NA,NA
Panama,1960,NA,NA,NA,NA,NA,NA,NA,NA
Panama,1965,NA,NA,NA,NA,NA,NA,0.023,0.023
Panama,1970,NA,NA,NA,NA,NA,NA,0.0365,0.0365
Panama,1975,NA,NA,NA,NA,NA,NA,NA,NA
Panama,1980,NA,NA,NA,NA,NA,NA,0.0147,0.0147
Panama,1985,NA,NA,NA,NA,NA,NA,NA,NA
Panama,1990,NA,NA,NA,NA,NA,NA,0.0146,0.0146
Panama,1995,NA,NA,NA,NA,NA,NA,0.0044,0.0044
Panama,2000,NA,NA,NA,NA,NA,NA,0.0044,0.0044
Panama,2005,NA,NA,NA,NA,NA,NA,0.0031,0.0031
Panama,2010,NA,NA,NA,NA,NA,NA,0.0031,0.0031
Colombia,1945,NA,NA,NA,NA,NA,NA,NA,NA
Colombia,1950,NA,NA,NA,NA,NA,NA,NA,NA
Colombia,1955,NA,NA,NA,NA,NA,NA,NA,NA
Colombia,1960,NA,NA,NA,NA,NA,NA,NA,NA
Colombia,1965,NA,NA,NA,NA,NA,NA,NA,NA
Colombia,1970,NA,NA,NA,NA,NA,NA,0.0012,0.0012
Colombia,1975,NA,NA,NA,NA,NA,NA,NA,NA
Colombia,1980,NA,NA,NA,NA,NA,NA,0.0013,0.0013
Colombia,1985,NA,NA,NA,NA,NA,NA,NA,NA
Colombia,1990,NA,NA,NA,NA,NA,NA,6e-4,6e-4
Colombia,1995,NA,NA,NA,NA,NA,NA,NA,NA
Colombia,2000,NA,NA,NA,NA,NA,NA,8e-4,8e-4
Colombia,2005,NA,NA,NA,NA,NA,NA,6e-4,6e-4
Colombia,2010,NA,NA,NA,NA,NA,NA,6e-4,6e-4
Venezuela,1945,NA,NA,NA,NA,NA,NA,NA,NA
Venezuela,1950,NA,NA,NA,NA,NA,NA,NA,NA
Venezuela,1955,NA,NA,NA,NA,NA,NA,NA,NA
Venezuela,1960,NA,NA,NA,NA,NA,NA,NA,NA
Venezuela,1965,NA,NA,NA,NA,NA,NA,NA,NA
Venezuela,1970,NA,NA,NA,NA,NA,NA,NA,NA
Venezuela,1975,NA,NA,NA,NA,NA,NA,NA,NA
Venezuela,1980,NA,NA,NA,NA,NA,NA,NA,NA
Venezuela,1985,NA,NA,NA,NA,NA,NA,NA,NA
Venezuela,1990,NA,NA,NA,NA,NA,NA,NA,NA
Venezuela,1995,NA,NA,NA,NA,NA,NA,NA,NA
Venezuela,2000,NA,NA,NA,NA,NA,NA,0.0011,0.0011
Venezuela,2005,NA,NA,NA,NA,NA,NA,0.0011,0.0011
Venezuela,2010,NA,NA,NA,NA,NA,NA,0.001,0.001
Guyana,1970,NA,NA,NA,NA,NA,NA,0.0885,0.0885
Guyana,1975,NA,NA,NA,NA,NA,NA,0.09,0.09
Guyana,1980,NA,NA,NA,NA,NA,NA,0.0996,0.0996
Guyana,1985,NA,NA,NA,NA,NA,NA,0.1009,0.1009
Guyana,1990,NA,NA,NA,NA,NA,NA,0.08,0.08
Guyana,1995,NA,NA,NA,NA,NA,NA,0.0759,0.0759
Guyana,2000,NA,NA,NA,NA,NA,NA,0.072,0.072
Guyana,2005,NA,NA,NA,NA,NA,NA,0.0736,0.0736
Guyana,2010,NA,NA,NA,NA,NA,NA,0.075,0.075
Suriname,1975,NA,NA,NA,NA,NA,0.0038,0.1923,0.1962
Suriname,1980,NA,NA,NA,NA,NA,0.0079,0.1718,0.1797
Suriname,1985,NA,NA,NA,NA,NA,NA,0.2188,0.2188
Suriname,1990,NA,NA,NA,NA,NA,NA,0.1619,0.1619
Suriname,1995,NA,NA,NA,NA,NA,NA,0.1658,0.1658
Suriname,2000,NA,NA,NA,NA,NA,NA,0.1666,0.1666
Suriname,2005,NA,NA,NA,NA,NA,NA,0.1653,0.1653
Suriname,2010,NA,NA,NA,NA,NA,NA,0.196,0.196
Ecuador,1945,NA,NA,NA,NA,NA,NA,NA,NA
Ecuador,1950,NA,NA,NA,NA,NA,NA,NA,NA
Ecuador,1955,NA,NA,NA,NA,NA,NA,NA,NA
Ecuador,1960,NA,NA,NA,NA,NA,NA,NA,NA
Ecuador,1965,NA,NA,NA,NA,NA,NA,NA,NA
Ecuador,1970,NA,NA,NA,NA,NA,NA,NA,NA
Ecuador,1975,NA,NA,NA,NA,NA,NA,NA,NA
Ecuador,1980,NA,NA,NA,NA,NA,NA,NA,NA
Ecuador,1985,NA,NA,NA,NA,NA,NA,NA,NA
Ecuador,1990,NA,NA,NA,NA,NA,NA,NA,NA
Ecuador,1995,NA,NA,NA,NA,NA,NA,NA,NA
Ecuador,2000,NA,NA,NA,NA,NA,NA,1e-4,1e-4
Ecuador,2005,NA,NA,NA,NA,NA,NA,1e-4,1e-4
Ecuador,2010,NA,NA,NA,NA,NA,NA,1e-4,1e-4
Peru,1945,NA,NA,NA,NA,NA,NA,NA,NA
Peru,1950,NA,NA,NA,NA,NA,NA,NA,NA
Peru,1955,NA,NA,NA,NA,NA,NA,NA,NA
Peru,1960,NA,NA,NA,NA,NA,NA,NA,NA
Peru,1965,NA,NA,NA,NA,NA,NA,NA,NA
Peru,1970,NA,NA,NA,NA,NA,NA,NA,NA
Peru,1975,NA,NA,NA,NA,NA,NA,NA,NA
Peru,1980,NA,NA,NA,NA,NA,NA,NA,NA
Peru,1985,NA,NA,NA,NA,NA,NA,NA,NA
Peru,1990,NA,NA,NA,NA,NA,NA,NA,NA
Peru,1995,NA,NA,NA,NA,NA,NA,NA,NA
Peru,2000,NA,NA,NA,NA,NA,NA,2e-4,2e-4
Peru,2005,NA,NA,NA,NA,NA,NA,2e-4,2e-4
Peru,2010,NA,NA,NA,NA,NA,NA,2e-4,2e-4
Brazil,1945,NA,NA,NA,NA,NA,NA,NA,NA
Brazil,1950,NA,NA,NA,NA,NA,NA,NA,NA
Brazil,1955,NA,NA,NA,NA,NA,NA,NA,NA
Brazil,1960,NA,NA,NA,NA,NA,NA,NA,NA
Brazil,1965,NA,NA,NA,NA,NA,NA,NA,NA
Brazil,1970,NA,NA,NA,NA,NA,NA,5e-4,5e-4
Brazil,1975,NA,NA,NA,NA,NA,NA,6e-4,6e-4
Brazil,1980,NA,NA,NA,NA,NA,NA,7e-4,7e-4
Brazil,1985,NA,NA,NA,NA,NA,NA,NA,NA
Brazil,1990,NA,NA,NA,NA,NA,NA,3e-4,3e-4
Brazil,1995,NA,NA,NA,NA,NA,NA,4e-4,4e-4
Brazil,2000,NA,NA,NA,NA,NA,NA,5e-4,5e-4
Brazil,2005,NA,NA,NA,NA,NA,NA,3e-4,3e-4
Brazil,2010,NA,NA,NA,NA,NA,NA,2e-4,2e-4
Bolivia,1945,NA,NA,NA,NA,NA,NA,NA,NA
Bolivia,1950,NA,NA,NA,NA,NA,NA,NA,NA
Bolivia,1955,NA,NA,NA,NA,NA,NA,NA,NA
Bolivia,1960,NA,NA,NA,NA,NA,NA,NA,NA
Bolivia,1965,NA,NA,NA,NA,NA,NA,NA,NA
Bolivia,1970,NA,NA,NA,NA,NA,NA,1e-4,1e-4
Bolivia,1975,NA,NA,NA,NA,NA,NA,NA,NA
Bolivia,1980,NA,NA,NA,NA,NA,NA,1e-4,1e-4
Bolivia,1985,NA,NA,NA,NA,NA,NA,NA,NA
Bolivia,1990,NA,NA,NA,NA,NA,NA,2e-4,2e-4
Bolivia,1995,NA,NA,NA,NA,NA,NA,NA,NA
Bolivia,2000,NA,NA,NA,NA,NA,NA,2e-4,2e-4
Bolivia,2005,NA,NA,NA,NA,NA,NA,2e-4,2e-4
Bolivia,2010,NA,NA,NA,NA,NA,NA,1e-4,1e-4
Paraguay,1945,NA,NA,NA,NA,NA,NA,NA,NA
Paraguay,1950,NA,NA,NA,NA,NA,NA,NA,NA
Paraguay,1955,NA,NA,NA,NA,NA,NA,NA,NA
Paraguay,1960,NA,NA,NA,NA,NA,NA,NA,NA
Paraguay,1965,NA,NA,NA,NA,NA,NA,NA,NA
Paraguay,1970,NA,NA,NA,NA,NA,NA,NA,NA
Paraguay,1975,NA,NA,NA,NA,NA,NA,NA,NA
Paraguay,1980,NA,NA,NA,NA,NA,NA,NA,NA
Paraguay,1985,NA,NA,NA,NA,NA,NA,NA,NA
Paraguay,1990,NA,NA,NA,NA,NA,NA,NA,NA
Paraguay,1995,NA,NA,NA,NA,NA,NA,NA,NA
Paraguay,2000,NA,NA,NA,NA,NA,NA,2e-4,2e-4
Paraguay,2005,NA,NA,NA,NA,NA,NA,2e-4,2e-4
Paraguay,2010,NA,NA,NA,NA,NA,NA,6e-4,6e-4
Chile,1945,NA,NA,NA,NA,NA,NA,NA,NA
Chile,1950,NA,NA,NA,NA,NA,NA,NA,NA
Chile,1955,NA,NA,NA,NA,NA,NA,NA,NA
Chile,1960,NA,NA,NA,NA,NA,NA,NA,NA
Chile,1965,NA,NA,NA,NA,NA,NA,NA,NA
Chile,1970,NA,NA,NA,NA,NA,NA,2e-4,2e-4
Chile,1975,NA,NA,NA,NA,NA,NA,2e-4,2e-4
Chile,1980,NA,NA,NA,NA,NA,NA,2e-4,2e-4
Chile,1985,NA,NA,NA,NA,NA,NA,NA,NA
Chile,1990,NA,NA,NA,NA,NA,NA,2e-4,2e-4
Chile,1995,NA,NA,NA,NA,NA,NA,NA,NA
Chile,2000,NA,NA,NA,NA,NA,NA,1e-4,1e-4
Chile,2005,NA,NA,NA,NA,NA,NA,2e-4,2e-4
Chile,2010,NA,NA,NA,NA,NA,NA,3e-4,3e-4
Argentina,1945,NA,NA,NA,NA,NA,NA,NA,NA
Argentina,1950,NA,NA,NA,NA,NA,NA,0.0011,0.0011
Argentina,1955,NA,NA,NA,NA,NA,NA,NA,NA
Argentina,1960,NA,NA,NA,NA,NA,NA,NA,NA
Argentina,1965,NA,NA,NA,NA,NA,NA,1e-4,1e-4
Argentina,1970,NA,NA,NA,NA,NA,NA,2e-4,2e-4
Argentina,1975,NA,NA,NA,NA,NA,NA,3e-4,3e-4
Argentina,1980,NA,NA,NA,NA,NA,NA,7e-4,7e-4
Argentina,1985,NA,NA,NA,NA,NA,NA,NA,NA
Argentina,1990,NA,NA,NA,NA,NA,NA,NA,NA
Argentina,1995,NA,NA,NA,NA,NA,NA,NA,NA
Argentina,2000,NA,NA,NA,NA,NA,NA,0.015,0.015
Argentina,2005,NA,NA,NA,NA,NA,NA,0.0155,0.0155
Argentina,2010,NA,NA,NA,NA,NA,NA,0.0151,0.0151
Uruguay,1945,NA,NA,NA,NA,NA,NA,NA,NA
Uruguay,1950,NA,NA,NA,NA,NA,NA,NA,NA
Uruguay,1955,NA,NA,NA,NA,NA,NA,NA,NA
Uruguay,1960,NA,NA,NA,NA,NA,NA,NA,NA
Uruguay,1965,NA,NA,NA,NA,NA,NA,NA,NA
Uruguay,1970,NA,NA,NA,NA,NA,NA,1e-4,1e-4
Uruguay,1975,NA,NA,NA,NA,NA,NA,1e-4,1e-4
Uruguay,1980,NA,NA,NA,NA,NA,NA,NA,NA
Uruguay,1985,NA,NA,NA,NA,NA,NA,NA,NA
Uruguay,1990,NA,NA,NA,NA,NA,NA,1e-4,1e-4
Uruguay,1995,NA,NA,NA,NA,NA,NA,NA,NA
Uruguay,2000,NA,NA,NA,NA,NA,NA,1e-4,1e-4
Uruguay,2005,NA,NA,NA,NA,NA,NA,3e-4,3e-4
Uruguay,2010,NA,NA,NA,NA,NA,NA,3e-4,3e-4
United Kingdom,1945,NA,NA,NA,NA,NA,NA,0.0026,0.0026
United Kingdom,1950,NA,NA,NA,NA,NA,NA,0.0039,0.0039
United Kingdom,1955,NA,NA,NA,NA,NA,NA,0.006,0.006
United Kingdom,1960,NA,NA,NA,NA,NA,NA,0.008,0.008
United Kingdom,1965,NA,NA,NA,NA,NA,NA,0.0097,0.0097
United Kingdom,1970,NA,NA,NA,NA,NA,NA,0.0114,0.0114
United Kingdom,1975,NA,NA,NA,NA,NA,NA,0.013,0.013
United Kingdom,1980,NA,NA,NA,NA,NA,2e-4,0.0146,0.0147
United Kingdom,1985,NA,NA,NA,NA,NA,NA,0.0144,0.0144
United Kingdom,1990,NA,NA,NA,NA,NA,NA,0.0182,0.0182
United Kingdom,1995,NA,NA,NA,NA,NA,NA,0.0249,0.0249
United Kingdom,2000,0.0277,0.0034,NA,NA,NA,NA,NA,0.0311
United Kingdom,2005,0.0335,0.0041,NA,NA,NA,NA,NA,0.0376
United Kingdom,2010,0.0386,0.0048,NA,NA,NA,NA,NA,0.0434
Ireland,1945,NA,NA,NA,NA,NA,NA,NA,NA
Ireland,1950,NA,NA,NA,NA,NA,NA,NA,NA
Ireland,1955,NA,NA,NA,NA,NA,NA,NA,NA
Ireland,1960,NA,NA,NA,NA,NA,NA,NA,NA
Ireland,1965,NA,NA,NA,NA,NA,NA,NA,NA
Ireland,1970,NA,NA,NA,NA,NA,NA,1e-4,1e-4
Ireland,1975,NA,NA,NA,NA,NA,NA,6e-4,6e-4
Ireland,1980,NA,NA,NA,NA,NA,NA,0.0011,0.0011
Ireland,1985,NA,NA,NA,NA,NA,NA,0.0016,0.0016
Ireland,1990,NA,NA,NA,NA,NA,NA,0.0021,0.0021
Ireland,1995,NA,NA,NA,NA,NA,NA,0.0042,0.0042
Ireland,2000,NA,NA,NA,NA,NA,NA,0.0051,0.0051
Ireland,2005,NA,NA,NA,NA,NA,NA,0.0067,0.0067
Ireland,2010,NA,NA,NA,NA,NA,NA,0.0058,0.0058
Netherlands,1955,NA,NA,NA,NA,NA,NA,0.0021,0.0021
Netherlands,1960,NA,NA,NA,NA,NA,NA,0.0031,0.0031
Netherlands,1965,NA,NA,NA,NA,NA,NA,0.0039,0.0039
Netherlands,1970,NA,NA,NA,NA,NA,NA,0.0046,0.0046
Netherlands,1975,NA,NA,NA,NA,NA,NA,0.0074,0.0074
Netherlands,1980,NA,NA,NA,NA,NA,NA,0.01,0.01
Netherlands,1985,NA,NA,NA,NA,NA,NA,0.0233,0.0233
Netherlands,1990,NA,NA,NA,NA,NA,NA,0.0356,0.0356
Netherlands,1995,NA,NA,NA,NA,NA,NA,0.0405,0.0405
Netherlands,2000,NA,NA,NA,NA,NA,NA,0.0494,0.0494
Netherlands,2005,NA,NA,NA,NA,NA,NA,0.055,0.055
Netherlands,2010,NA,NA,NA,NA,NA,NA,0.058,0.058
Belgium,1945,NA,NA,NA,NA,NA,NA,NA,NA
Belgium,1950,NA,NA,NA,NA,NA,NA,NA,NA
Belgium,1955,NA,NA,NA,NA,NA,NA,NA,NA
Belgium,1960,NA,NA,NA,NA,NA,NA,NA,NA
Belgium,1965,NA,NA,NA,NA,NA,NA,NA,NA
Belgium,1970,NA,NA,NA,NA,NA,NA,0.0094,0.0094
Belgium,1975,NA,NA,NA,NA,NA,NA,0.0102,0.0102
Belgium,1980,NA,NA,NA,NA,NA,NA,0.0112,0.0112
Belgium,1985,NA,NA,NA,NA,NA,NA,0.0203,0.0203
Belgium,1990,NA,NA,NA,NA,NA,NA,0.0316,0.0316
Belgium,1995,NA,NA,NA,NA,NA,NA,0.0398,0.0398
Belgium,2000,0.031,0.0034,NA,NA,NA,NA,NA,0.0344
Belgium,2005,0.0344,0.0038,NA,NA,NA,NA,NA,0.0382
Belgium,2010,0.045,0.005,NA,NA,NA,NA,NA,0.05
Luxembourg,1945,NA,NA,NA,NA,NA,NA,2e-4,2e-4
Luxembourg,1950,NA,NA,NA,NA,NA,NA,3e-4,3e-4
Luxembourg,1955,NA,NA,NA,NA,NA,NA,7e-4,7e-4
Luxembourg,1960,NA,NA,NA,NA,NA,NA,0.001,0.001
Luxembourg,1965,NA,NA,NA,NA,NA,NA,0.0012,0.0012
Luxembourg,1970,NA,NA,NA,NA,NA,NA,0.0015,0.0015
Luxembourg,1975,NA,NA,NA,NA,NA,NA,0.0038,0.0038
Luxembourg,1980,NA,NA,NA,NA,NA,NA,0.006,0.006
Luxembourg,1985,NA,NA,NA,NA,NA,NA,0.008,0.008
Luxembourg,1990,NA,NA,NA,NA,NA,NA,0.0102,0.0102
Luxembourg,1995,NA,NA,NA,NA,NA,NA,0.0143,0.0143
Luxembourg,2000,0.0139,NA,NA,NA,NA,NA,NA,0.0139
Luxembourg,2005,0.0194,NA,NA,NA,NA,NA,NA,0.0194
Luxembourg,2010,0.0181,0.002,NA,NA,NA,NA,NA,0.02
France,1945,NA,NA,NA,NA,NA,NA,0.0042,0.0042
France,1950,NA,NA,NA,NA,NA,NA,0.0048,0.0048
France,1955,NA,NA,NA,NA,NA,NA,0.0055,0.0055
France,1960,NA,NA,NA,NA,NA,NA,0.006,0.006
France,1965,NA,NA,NA,NA,NA,NA,0.0167,0.0167
France,1970,NA,NA,NA,NA,NA,NA,0.0267,0.0267
France,1975,NA,NA,NA,NA,NA,NA,0.0304,0.0304
France,1980,NA,NA,NA,NA,NA,NA,0.0343,0.0343
France,1985,NA,NA,NA,NA,NA,NA,0.0299,0.0299
France,1990,NA,NA,NA,NA,NA,NA,0.0319,0.0319
France,1995,NA,NA,NA,NA,NA,NA,0.0461,0.0461
France,2000,0.0669,0.0085,NA,NA,NA,NA,NA,0.0753
France,2005,0.0787,0.0115,NA,NA,NA,NA,NA,0.0902
France,2010,0.0717,0.0072,NA,NA,NA,NA,NA,0.0789
Monaco,1995,NA,NA,NA,NA,NA,NA,0.0043,0.0043
Monaco,2000,NA,NA,NA,NA,NA,NA,0.0364,0.0364
Monaco,2005,NA,NA,NA,NA,NA,NA,0.0227,0.0227
Monaco,2010,NA,NA,NA,NA,NA,NA,0.008,0.008
Liechtenstein,1990,NA,NA,NA,NA,NA,NA,0.0207,0.0207
Liechtenstein,1995,NA,NA,NA,NA,NA,NA,0.0425,0.0425
Liechtenstein,2000,NA,NA,NA,NA,NA,NA,0.0483,0.0483
Liechtenstein,2005,NA,NA,NA,NA,NA,NA,0.0507,0.0507
Liechtenstein,2010,NA,NA,NA,NA,NA,NA,0.0548,0.0548
Switzerland,1945,NA,NA,NA,NA,NA,NA,4e-4,4e-4
Switzerland,1950,NA,NA,NA,NA,NA,NA,4e-4,4e-4
Switzerland,1955,NA,NA,NA,NA,NA,NA,5e-4,5e-4
Switzerland,1960,NA,NA,NA,NA,NA,NA,5e-4,5e-4
Switzerland,1965,NA,NA,NA,NA,NA,NA,0.0017,0.0017
Switzerland,1970,NA,NA,NA,NA,NA,NA,0.0027,0.0027
Switzerland,1975,NA,NA,NA,NA,NA,NA,0.0027,0.0027
Switzerland,1980,NA,NA,NA,NA,NA,NA,0.009,0.009
Switzerland,1985,NA,NA,NA,NA,NA,NA,0.0161,0.0161
Switzerland,1990,NA,NA,NA,NA,NA,NA,0.0225,0.0225
Switzerland,1995,NA,NA,NA,NA,NA,NA,0.0329,0.0329
Switzerland,2000,NA,NA,NA,NA,NA,NA,0.0421,0.0421
Switzerland,2005,NA,NA,NA,NA,NA,NA,0.042,0.042
Switzerland,2010,NA,NA,NA,NA,NA,NA,0.0411,0.0411
Spain,1945,NA,NA,NA,NA,NA,NA,2e-4,2e-4
Spain,1950,NA,NA,NA,NA,NA,NA,2e-4,2e-4
Spain,1955,NA,NA,NA,NA,NA,NA,3e-4,3e-4
Spain,1960,NA,NA,NA,NA,NA,NA,3e-4,3e-4
Spain,1965,NA,NA,NA,NA,NA,NA,4e-4,4e-4
Spain,1970,NA,NA,NA,NA,NA,NA,4e-4,4e-4
Spain,1975,NA,NA,NA,NA,NA,NA,3e-4,3e-4
Spain,1980,NA,NA,NA,NA,NA,NA,1e-4,1e-4
Spain,1985,NA,NA,NA,NA,NA,NA,7e-4,7e-4
Spain,1990,NA,NA,NA,NA,NA,NA,0.0044,0.0044
Spain,1995,NA,NA,NA,NA,NA,NA,0.0077,0.0077
Spain,2000,NA,NA,NA,NA,NA,NA,0.0114,0.0114
Spain,2005,NA,NA,NA,NA,NA,NA,0.0253,0.0253
Spain,2010,NA,NA,NA,NA,NA,NA,0.0304,0.0304
Andorra,1995,NA,NA,NA,NA,NA,NA,0.0066,0.0066
Andorra,2000,NA,NA,NA,NA,NA,NA,0.0064,0.0064
Andorra,2005,NA,NA,NA,NA,NA,NA,0.0051,0.0051
Andorra,2010,NA,NA,NA,NA,NA,NA,0.009,0.009
Portugal,1945,NA,NA,NA,NA,NA,NA,NA,NA
Portugal,1950,NA,NA,NA,NA,NA,NA,NA,NA
Portugal,1955,NA,NA,NA,NA,NA,NA,NA,NA
Portugal,1960,NA,NA,NA,NA,NA,NA,NA,NA
Portugal,1965,NA,NA,NA,NA,NA,NA,NA,NA
Portugal,1970,NA,NA,NA,NA,NA,NA,1e-4,1e-4
Portugal,1975,NA,NA,NA,NA,NA,NA,5e-4,5e-4
Portugal,1980,NA,NA,NA,NA,NA,NA,0.001,0.001
Portugal,1985,NA,NA,NA,NA,NA,NA,0.0015,0.0015
Portugal,1990,NA,NA,NA,NA,NA,NA,0.002,0.002
Portugal,1995,NA,NA,NA,NA,NA,NA,0.0029,0.0029
Portugal,2000,NA,NA,NA,NA,NA,NA,0.0035,0.0035
Portugal,2005,NA,NA,NA,NA,NA,NA,0.006,0.006
Portugal,2010,NA,NA,NA,NA,NA,NA,0.0085,0.0085
Germany,1945,NA,NA,NA,NA,NA,NA,NA,NA
Germany,1990,NA,NA,NA,NA,NA,NA,0.0359,0.0359
Germany,1995,NA,NA,NA,NA,NA,NA,0.0399,0.0399
Germany,2000,NA,NA,NA,NA,NA,NA,0.0365,0.0365
Germany,2005,0.0303,0.0027,NA,NA,0.005,NA,0.0044,0.0424
Germany,2010,0.0355,0.0034,NA,NA,0.0061,NA,0.0039,0.049
Germany,1955,NA,NA,NA,NA,NA,NA,0.0054,0.0054
Germany,1960,NA,NA,NA,NA,NA,NA,0.0081,0.0081
Germany,1965,NA,NA,NA,NA,NA,NA,0.012,0.012
Germany,1970,NA,NA,NA,NA,NA,NA,0.016,0.016
Germany,1975,NA,NA,NA,NA,NA,NA,0.0199,0.0199
Germany,1980,NA,NA,NA,NA,NA,NA,0.0242,0.0242
Germany,1985,NA,NA,NA,NA,NA,NA,0.024,0.024
Germany,1990,NA,NA,NA,NA,NA,NA,0.0236,0.0236
German Democratic Republic,1955,NA,NA,NA,NA,NA,NA,NA,NA
German Democratic Republic,1960,NA,NA,NA,NA,NA,NA,NA,NA
German Democratic Republic,1965,NA,NA,NA,NA,NA,NA,NA,NA
German Democratic Republic,1970,NA,NA,NA,NA,NA,NA,NA,NA
German Democratic Republic,1975,NA,NA,NA,NA,NA,NA,NA,NA
German Democratic Republic,1980,NA,NA,NA,NA,NA,NA,NA,NA
German Democratic Republic,1985,NA,NA,NA,NA,NA,NA,NA,NA
Poland,1945,NA,NA,NA,NA,NA,NA,NA,NA
Poland,1950,NA,NA,NA,NA,NA,NA,NA,NA
Poland,1955,NA,NA,NA,NA,NA,NA,NA,NA
Poland,1960,NA,NA,NA,NA,NA,NA,NA,NA
Poland,1965,NA,NA,NA,NA,NA,NA,NA,NA
Poland,1970,NA,NA,NA,NA,NA,NA,NA,NA
Poland,1975,NA,NA,NA,NA,NA,NA,NA,NA
Poland,1980,NA,NA,NA,NA,NA,NA,NA,NA
Poland,1985,NA,NA,NA,NA,NA,NA,1e-4,1e-4
Poland,1990,NA,NA,NA,NA,NA,NA,1e-4,1e-4
Poland,1995,NA,NA,NA,NA,NA,NA,1e-4,1e-4
Poland,2000,NA,NA,NA,NA,NA,NA,1e-4,1e-4
Poland,2005,NA,NA,NA,NA,NA,NA,1e-4,1e-4
Poland,2010,NA,NA,NA,NA,NA,NA,1e-4,1e-4
Austria,1955,NA,NA,NA,NA,NA,NA,NA,NA
Austria,1960,NA,NA,NA,NA,NA,NA,NA,NA
Austria,1965,NA,NA,NA,NA,NA,NA,NA,NA
Austria,1970,NA,NA,NA,NA,NA,NA,0.0024,0.0024
Austria,1975,NA,NA,NA,NA,NA,NA,0.0039,0.0039
Austria,1980,NA,NA,NA,NA,NA,NA,0.0102,0.0102
Austria,1985,NA,NA,NA,NA,NA,NA,0.0122,0.0122
Austria,1990,NA,NA,NA,NA,NA,NA,0.0204,0.0204
Austria,1995,NA,NA,NA,NA,NA,NA,0.0301,0.0301
Austria,2000,NA,NA,NA,NA,NA,NA,0.0422,0.0422
Austria,2005,NA,NA,NA,NA,NA,NA,0.0452,0.0452
Austria,2010,NA,NA,NA,NA,NA,NA,0.0475,0.0475
Hungary,1945,NA,NA,NA,NA,NA,NA,NA,NA
Hungary,1950,NA,NA,NA,NA,NA,NA,NA,NA
Hungary,1955,NA,NA,NA,NA,NA,NA,NA,NA
Hungary,1960,NA,NA,NA,NA,NA,NA,NA,NA
Hungary,1965,NA,NA,NA,NA,NA,NA,NA,NA
Hungary,1970,NA,NA,NA,NA,NA,NA,2e-4,2e-4
Hungary,1975,NA,NA,NA,NA,NA,NA,5e-4,5e-4
Hungary,1980,NA,NA,NA,NA,NA,NA,9e-4,9e-4
Hungary,1985,NA,NA,NA,NA,NA,NA,0.0012,0.0012
Hungary,1990,NA,NA,NA,NA,NA,NA,0.0016,0.0016
Hungary,1995,NA,NA,NA,NA,NA,NA,0.002,0.002
Hungary,2000,NA,NA,NA,NA,NA,NA,3e-4,3e-4
Hungary,2005,NA,NA,NA,NA,NA,NA,4e-4,4e-4
Hungary,2010,NA,NA,NA,NA,NA,NA,5e-4,5e-4
Czechoslovakia,1945,NA,NA,NA,NA,NA,NA,NA,NA
Czechoslovakia,1950,NA,NA,NA,NA,NA,NA,NA,NA
Czechoslovakia,1955,NA,NA,NA,NA,NA,NA,NA,NA
Czechoslovakia,1960,NA,NA,NA,NA,NA,NA,NA,NA
Czechoslovakia,1965,NA,NA,NA,NA,NA,NA,NA,NA
Czechoslovakia,1970,NA,NA,NA,NA,NA,NA,NA,NA
Czechoslovakia,1975,NA,NA,NA,NA,NA,NA,NA,NA
Czechoslovakia,1980,NA,NA,NA,NA,NA,NA,NA,NA
Czechoslovakia,1985,NA,NA,NA,NA,NA,NA,NA,NA
Czechoslovakia,1990,NA,NA,NA,NA,NA,NA,NA,NA
Czechia,1995,NA,NA,NA,NA,NA,NA,1e-4,1e-4
Czechia,2000,NA,NA,NA,NA,NA,NA,4e-4,4e-4
Czechia,2005,NA,NA,NA,NA,NA,NA,2e-4,2e-4
Czechia,2010,NA,NA,NA,NA,NA,NA,1e-4,1e-4
Slovakia,1995,NA,NA,NA,NA,NA,NA,NA,NA
Slovakia,2000,NA,NA,NA,NA,NA,NA,1e-4,1e-4
Slovakia,2005,NA,NA,NA,NA,NA,NA,1e-4,1e-4
Slovakia,2010,NA,NA,NA,NA,NA,NA,1e-4,1e-4
Italy,1945,NA,NA,NA,NA,NA,NA,NA,NA
Italy,1950,NA,NA,NA,NA,NA,NA,1e-4,1e-4
Italy,1955,NA,NA,NA,NA,NA,NA,3e-4,3e-4
Italy,1960,NA,NA,NA,NA,NA,NA,5e-4,5e-4
Italy,1965,NA,NA,NA,NA,NA,NA,6e-4,6e-4
Italy,1970,NA,NA,NA,NA,NA,NA,8e-4,8e-4
Italy,1975,NA,NA,NA,NA,NA,NA,0.0033,0.0033
Italy,1980,NA,NA,NA,NA,NA,NA,0.0057,0.0057
Italy,1985,NA,NA,NA,NA,NA,NA,0.0081,0.0081
Italy,1990,NA,NA,NA,NA,NA,NA,0.0104,0.0104
Italy,1995,NA,NA,NA,NA,NA,NA,0.0112,0.0112
Italy,2000,NA,NA,NA,NA,NA,NA,0.0166,0.0166
Italy,2005,NA,NA,NA,NA,NA,NA,0.0171,0.0171
Italy,2010,NA,NA,NA,NA,NA,NA,0.0116,0.0116
San Marino,1995,NA,NA,NA,NA,NA,NA,2e-4,2e-4
San Marino,2000,NA,NA,NA,NA,NA,NA,2e-4,2e-4
San Marino,2005,NA,NA,NA,NA,NA,NA,2e-4,2e-4
San Marino,2010,NA,NA,NA,NA,NA,NA,2e-4,2e-4
Malta,1965,NA,NA,NA,NA,NA,NA,NA,NA
Malta,1970,NA,NA,NA,NA,NA,NA,NA,NA
Malta,1975,NA,NA,NA,NA,NA,NA,NA,NA
Malta,1980,NA,NA,NA,NA,NA,NA,NA,NA
Malta,1985,NA,NA,NA,NA,NA,NA,NA,NA
Malta,1990,NA,NA,NA,NA,NA,NA,0.0035,0.0035
Malta,1995,NA,NA,NA,NA,NA,NA,0.0029,0.0029
Malta,2000,NA,NA,NA,NA,NA,NA,0.0019,0.0019
Malta,2005,NA,NA,NA,NA,NA,NA,0.007,0.007
Malta,2010,NA,NA,NA,NA,NA,NA,0.01,0.01
Albania,1945,NA,NA,NA,NA,NA,NA,0.664,0.664
Albania,1950,NA,NA,NA,NA,NA,NA,0.658,0.658
Albania,1955,NA,NA,NA,NA,NA,NA,0.6222,0.6222
Albania,1960,NA,NA,NA,NA,NA,NA,0.5689,0.5689
Albania,1965,NA,NA,NA,NA,NA,NA,0.5214,0.5214
Albania,1970,NA,NA,NA,NA,NA,NA,0.4838,0.4838
Albania,1975,NA,NA,NA,NA,NA,NA,0.4548,0.4548
Albania,1980,NA,NA,NA,NA,NA,NA,0.4309,0.4309
Albania,1985,NA,NA,NA,NA,NA,NA,0.43,0.43
Albania,1990,NA,NA,NA,NA,NA,NA,0.42,0.42
Albania,1995,NA,NA,NA,NA,NA,NA,0.54,0.54
Albania,2000,0.629,0.03,NA,NA,NA,NA,NA,0.659
Albania,2005,0.5868,0.028,NA,NA,NA,NA,NA,0.6148
Albania,2010,0.6,0.03,NA,NA,NA,NA,NA,0.63
Montenegro,2010,NA,NA,NA,NA,NA,NA,0.1911,0.1911
North Macedonia,1995,NA,NA,NA,NA,NA,NA,0.3354,0.3354
North Macedonia,2000,0.3333,NA,NA,NA,NA,NA,NA,0.3333
North Macedonia,2005,0.338,NA,NA,NA,NA,NA,NA,0.338
North Macedonia,2010,0.342,NA,NA,NA,NA,NA,NA,0.342
Croatia,1995,NA,NA,NA,NA,NA,NA,0.0182,0.0182
Croatia,2000,0.0128,NA,NA,NA,NA,NA,NA,0.0128
Croatia,2005,0.0138,NA,NA,NA,NA,NA,NA,0.0138
Croatia,2010,0.0147,NA,NA,NA,NA,NA,NA,0.0147
Yugoslavia,1945,NA,NA,NA,NA,NA,NA,0.1044,0.1044
Yugoslavia,1950,NA,NA,NA,NA,NA,NA,0.1099,0.1099
Yugoslavia,1955,NA,NA,NA,NA,NA,NA,0.1189,0.1189
Yugoslavia,1960,NA,NA,NA,NA,NA,NA,0.1196,0.1196
Yugoslavia,1965,NA,NA,NA,NA,NA,NA,0.1191,0.1191
Yugoslavia,1970,NA,NA,NA,NA,NA,NA,0.1197,0.1197
Yugoslavia,1975,NA,NA,NA,NA,NA,NA,0.1198,0.1198
Yugoslavia,1980,NA,NA,NA,NA,NA,NA,0.12,0.12
Yugoslavia,1985,NA,NA,NA,NA,NA,NA,0.1192,0.1192
Yugoslavia,1990,NA,NA,NA,NA,NA,NA,0.1191,0.1191
Yugoslavia,1995,NA,NA,NA,NA,NA,NA,0.19,0.19
Yugoslavia,2000,0.0272,0.0048,NA,NA,NA,NA,NA,0.032
Yugoslavia,2005,0.0272,0.0048,NA,NA,NA,NA,NA,0.032
Yugoslavia,2010,0.0264,0.0047,NA,NA,NA,NA,NA,0.031
Bosnia & Herzegovina,1995,0.4,NA,NA,NA,NA,NA,0.0037,0.4037
Bosnia & Herzegovina,2000,0.4,NA,NA,NA,NA,NA,NA,0.4
Bosnia & Herzegovina,2005,0.4306,NA,NA,NA,NA,NA,NA,0.4306
Bosnia & Herzegovina,2010,0.45,NA,NA,NA,NA,NA,NA,0.45
Kosovo,2010,NA,NA,NA,NA,NA,NA,0.9561,0.9561
Slovenia,1995,NA,NA,NA,NA,NA,NA,0.024,0.024
Slovenia,2000,0.0242,NA,NA,NA,NA,NA,NA,0.0242
Slovenia,2005,0.0274,NA,NA,NA,NA,NA,NA,0.0274
Slovenia,2010,0.03,NA,NA,NA,NA,NA,NA,0.03
Greece,1945,NA,NA,NA,NA,NA,NA,0.01,0.01
Greece,1950,NA,NA,NA,NA,NA,NA,0.0149,0.0149
Greece,1955,NA,NA,NA,NA,NA,NA,0.0139,0.0139
Greece,1960,NA,NA,NA,NA,NA,NA,0.013,0.013
Greece,1965,NA,NA,NA,NA,NA,NA,0.0139,0.0139
Greece,1970,NA,NA,NA,NA,NA,NA,0.0142,0.0142
Greece,1975,NA,NA,NA,NA,NA,NA,0.0146,0.0146
Greece,1980,NA,NA,NA,NA,NA,NA,0.0139,0.0139
Greece,1985,NA,NA,NA,NA,NA,NA,0.0151,0.0151
Greece,1990,NA,NA,NA,NA,NA,NA,0.0199,0.0199
Greece,1995,NA,NA,NA,NA,NA,NA,0.0225,0.0225
Greece,2000,0.0188,0.0019,NA,NA,NA,NA,NA,0.0207
Greece,2005,0.0189,0.0027,NA,NA,NA,NA,NA,0.0216
Greece,2010,0.0212,0.0028,NA,NA,NA,NA,NA,0.024
Cyprus,1960,NA,NA,NA,NA,NA,NA,0.1832,0.1832
Cyprus,1965,NA,NA,NA,NA,NA,NA,0.1895,0.1895
Cyprus,1970,NA,NA,NA,NA,NA,NA,0.1877,0.1877
Cyprus,1975,NA,NA,NA,NA,NA,NA,0.1881,0.1881
Cyprus,1980,NA,NA,NA,NA,NA,NA,0.19,0.19
Cyprus,1985,NA,NA,NA,NA,NA,NA,0.1978,0.1978
Cyprus,1990,NA,NA,NA,NA,NA,NA,0.19,0.19
Cyprus,1995,NA,NA,NA,NA,NA,NA,0.2122,0.2122
Cyprus,2000,0.2226,NA,NA,NA,NA,NA,NA,0.2226
Cyprus,2005,0.213,NA,NA,NA,NA,NA,NA,0.213
Cyprus,2010,0.2027,NA,NA,NA,NA,NA,NA,0.2027
Bulgaria,1945,NA,NA,NA,NA,NA,NA,0.1348,0.1348
Bulgaria,1950,NA,NA,NA,NA,NA,NA,0.1112,0.1112
Bulgaria,1955,NA,NA,NA,NA,NA,NA,0.1014,0.1014
Bulgaria,1960,NA,NA,NA,NA,NA,NA,0.0909,0.0909
Bulgaria,1965,NA,NA,NA,NA,NA,NA,0.1005,0.1005
Bulgaria,1970,NA,NA,NA,NA,NA,NA,0.11,0.11
Bulgaria,1975,NA,NA,NA,NA,NA,NA,0.1196,0.1196
Bulgaria,1980,NA,NA,NA,NA,NA,NA,0.13,0.13
Bulgaria,1985,NA,NA,NA,NA,NA,NA,0.1262,0.1262
Bulgaria,1990,NA,NA,NA,NA,NA,NA,0.1235,0.1235
Bulgaria,1995,NA,NA,NA,NA,NA,NA,0.13,0.13
Bulgaria,2000,0.1069,0.0146,NA,NA,NA,NA,NA,0.1215
Bulgaria,2005,0.1162,0.0111,NA,NA,NA,NA,NA,0.1273
Bulgaria,2010,0.122,0.0069,NA,NA,NA,NA,NA,0.1289
Moldova,1995,NA,NA,NA,NA,NA,NA,0.0073,0.0073
Moldova,2000,NA,NA,NA,NA,NA,NA,NA,NA
Moldova,2005,0.0168,NA,NA,NA,NA,NA,NA,0.0168
Moldova,2010,0.036,NA,NA,NA,NA,NA,NA,0.036
Romania,1945,NA,NA,NA,NA,NA,NA,0.012,0.012
Romania,1950,NA,NA,NA,NA,NA,NA,0.011,0.011
Romania,1955,NA,NA,NA,NA,NA,NA,0.0114,0.0114
Romania,1960,NA,NA,NA,NA,NA,NA,0.0116,0.0116
Romania,1965,NA,NA,NA,NA,NA,NA,0.0122,0.0122
Romania,1970,NA,NA,NA,NA,NA,NA,0.0123,0.0123
Romania,1975,NA,NA,NA,NA,NA,NA,0.0095,0.0095
Romania,1980,NA,NA,NA,NA,NA,NA,0.0069,0.0069
Romania,1985,NA,NA,NA,NA,NA,NA,0.0018,0.0018
Romania,1990,NA,NA,NA,NA,NA,NA,0.002,0.002
Romania,1995,NA,NA,NA,NA,NA,NA,0.0027,0.0027
Romania,2000,0.003,NA,NA,NA,NA,NA,NA,0.003
Romania,2005,0.0035,NA,NA,NA,NA,NA,NA,0.0035
Romania,2010,0.004,NA,NA,NA,NA,NA,NA,0.004
Russia,1945,NA,NA,NA,NA,NA,NA,0.1443,0.1443
Russia,1950,NA,NA,NA,NA,NA,NA,0.1444,0.1444
Russia,1955,NA,NA,NA,NA,NA,NA,0.1453,0.1453
Russia,1960,NA,NA,NA,NA,NA,NA,0.14,0.14
Russia,1965,NA,NA,NA,NA,NA,NA,0.1302,0.1302
Russia,1970,NA,NA,NA,NA,NA,NA,0.1242,0.1242
Russia,1975,NA,NA,NA,NA,NA,NA,0.1188,0.1188
Russia,1980,NA,NA,NA,NA,NA,NA,0.1141,0.1141
Russia,1985,NA,NA,NA,NA,NA,NA,0.1131,0.1131
Russia,1990,NA,NA,NA,NA,NA,NA,0.1014,0.1014
Russia,1995,NA,NA,NA,NA,NA,NA,0.1,0.1
Russia,2000,0.14,NA,NA,NA,NA,NA,NA,0.14
Russia,2005,0.14,NA,NA,NA,NA,NA,NA,0.14
Russia,2010,0.1157,NA,NA,NA,NA,NA,NA,0.1157
Estonia,1995,NA,NA,NA,NA,NA,NA,0.0027,0.0027
Estonia,2000,0.0012,NA,NA,NA,NA,NA,NA,0.0012
Estonia,2005,0.0014,NA,NA,NA,NA,NA,NA,0.0014
Estonia,2010,0.0015,NA,NA,NA,NA,NA,NA,0.0015
Latvia,1995,NA,NA,NA,NA,NA,NA,0.0024,0.0024
Latvia,2000,1e-4,NA,NA,NA,NA,NA,NA,1e-4
Latvia,2005,2e-4,NA,NA,NA,NA,NA,NA,2e-4
Latvia,2010,1e-4,NA,NA,NA,NA,NA,NA,1e-4
Lithuania,1995,NA,NA,NA,NA,NA,NA,0.002,0.002
Lithuania,2000,8e-4,NA,NA,NA,NA,NA,NA,8e-4
Lithuania,2005,8e-4,NA,NA,NA,NA,NA,NA,8e-4
Lithuania,2010,8e-4,NA,NA,NA,NA,NA,NA,8e-4
Ukraine,1995,NA,NA,NA,NA,NA,NA,0.0194,0.0194
Ukraine,2000,0.007,NA,NA,NA,NA,NA,NA,0.007
Ukraine,2005,0.0082,NA,NA,NA,NA,NA,NA,0.0082
Ukraine,2010,0.0099,NA,NA,NA,NA,NA,NA,0.0099
Belarus,1995,NA,NA,NA,NA,NA,NA,0.0015,0.0015
Belarus,2000,NA,NA,NA,NA,NA,NA,0.0016,0.0016
Belarus,2005,NA,NA,NA,NA,NA,NA,0.0017,0.0017
Belarus,2010,NA,NA,NA,NA,NA,NA,0.002,0.002
Armenia,1995,NA,NA,NA,NA,NA,NA,0.0022,0.0022
Armenia,2000,NA,NA,NA,NA,NA,NA,2e-4,2e-4
Armenia,2005,NA,NA,NA,NA,NA,NA,3e-4,3e-4
Armenia,2010,NA,NA,NA,NA,NA,NA,3e-4,3e-4
Georgia,1995,NA,NA,NA,NA,NA,NA,0.11,0.11
Georgia,2000,0.0923,NA,NA,NA,NA,NA,NA,0.0923
Georgia,2005,0.0964,NA,NA,NA,NA,NA,NA,0.0964
Georgia,2010,0.099,NA,NA,NA,NA,NA,NA,0.099
Azerbaijan,1995,0.2659,0.6341,NA,NA,NA,NA,NA,0.9
Azerbaijan,2000,0.36,0.54,NA,NA,NA,NA,NA,0.9
Azerbaijan,2005,0.336,0.624,NA,NA,NA,NA,NA,0.96
Azerbaijan,2010,0.1425,0.8075,NA,NA,NA,NA,NA,0.95
Finland,1945,NA,NA,NA,NA,NA,NA,1e-4,1e-4
Finland,1950,NA,NA,NA,NA,NA,NA,2e-4,2e-4
Finland,1955,NA,NA,NA,NA,NA,NA,2e-4,2e-4
Finland,1960,NA,NA,NA,NA,NA,NA,2e-4,2e-4
Finland,1965,NA,NA,NA,NA,NA,NA,2e-4,2e-4
Finland,1970,NA,NA,NA,NA,NA,NA,2e-4,2e-4
Finland,1975,NA,NA,NA,NA,NA,NA,2e-4,2e-4
Finland,1980,NA,NA,NA,NA,NA,NA,2e-4,2e-4
Finland,1985,NA,NA,NA,NA,NA,NA,9e-4,9e-4
Finland,1990,NA,NA,NA,NA,NA,NA,0.0016,0.0016
Finland,1995,NA,NA,NA,NA,NA,NA,0.0024,0.0024
Finland,2000,NA,NA,NA,NA,NA,NA,0.0032,0.0032
Finland,2005,NA,NA,NA,NA,NA,NA,0.0045,0.0045
Finland,2010,NA,NA,NA,NA,NA,NA,0.0045,0.0045
Sweden,1945,NA,NA,NA,NA,NA,NA,NA,NA
Sweden,1950,NA,NA,NA,NA,NA,NA,NA,NA
Sweden,1955,NA,NA,NA,NA,NA,NA,NA,NA
Sweden,1960,NA,NA,NA,NA,NA,NA,NA,NA
Sweden,1965,NA,NA,NA,NA,NA,NA,NA,NA
Sweden,1970,NA,NA,NA,NA,NA,NA,3e-4,3e-4
Sweden,1975,NA,NA,NA,NA,NA,NA,6e-4,6e-4
Sweden,1980,NA,NA,NA,NA,NA,NA,9e-4,0.001
Sweden,1985,NA,NA,NA,NA,NA,NA,0.0087,0.0087
Sweden,1990,NA,NA,NA,NA,NA,NA,0.016,0.016
Sweden,1995,NA,NA,NA,NA,NA,NA,0.0232,0.0232
Sweden,2000,0.0393,NA,NA,NA,NA,NA,NA,0.0393
Sweden,2005,0.0388,NA,NA,NA,NA,NA,NA,0.0388
Sweden,2010,0.06,NA,NA,NA,NA,NA,NA,0.06
Norway,1945,NA,NA,NA,NA,NA,NA,NA,NA
Norway,1950,NA,NA,NA,NA,NA,NA,1e-4,1e-4
Norway,1955,NA,NA,NA,NA,NA,NA,4e-4,4e-4
Norway,1960,NA,NA,NA,NA,NA,NA,6e-4,6e-4
Norway,1965,NA,NA,NA,NA,NA,NA,8e-4,8e-4
Norway,1970,NA,NA,NA,NA,NA,NA,0.001,0.001
Norway,1975,NA,NA,NA,NA,NA,NA,0.001,0.001
Norway,1980,NA,NA,NA,NA,NA,1e-4,0.001,0.001
Norway,1985,NA,NA,NA,NA,NA,NA,0.0022,0.0022
Norway,1990,NA,NA,NA,NA,NA,NA,0.0033,0.0033
Norway,1995,NA,NA,NA,NA,NA,NA,0.0043,0.0043
Norway,2000,0.0139,NA,NA,NA,NA,NA,NA,0.0139
Norway,2005,0.0166,NA,NA,NA,NA,NA,NA,0.0166
Norway,2010,0.0204,NA,NA,NA,NA,NA,NA,0.0204
Denmark,1945,NA,NA,NA,NA,NA,NA,NA,NA
Denmark,1950,NA,NA,NA,NA,NA,NA,NA,NA
Denmark,1955,NA,NA,NA,NA,NA,NA,NA,NA
Denmark,1960,NA,NA,NA,NA,NA,NA,NA,NA
Denmark,1965,NA,NA,NA,NA,NA,NA,NA,NA
Denmark,1970,NA,NA,NA,NA,NA,NA,0.002,0.002
Denmark,1975,NA,NA,NA,NA,NA,NA,0.0025,0.0025
Denmark,1980,NA,NA,NA,NA,NA,2e-4,0.0024,0.0025
Denmark,1985,NA,NA,NA,NA,NA,NA,0.0066,0.0066
Denmark,1990,NA,NA,NA,NA,NA,NA,0.0107,0.0107
Denmark,1995,NA,NA,NA,NA,NA,NA,0.0208,0.0208
Denmark,2000,0.032,9e-4,NA,NA,NA,NA,NA,0.033
Denmark,2005,0.0369,NA,NA,NA,NA,NA,NA,0.0369
Denmark,2010,0.0388,0.0013,NA,NA,NA,NA,NA,0.0401
Iceland,1945,NA,NA,NA,NA,NA,NA,NA,NA
Iceland,1950,NA,NA,NA,NA,NA,NA,NA,NA
Iceland,1955,NA,NA,NA,NA,NA,NA,NA,NA
Iceland,1960,NA,NA,NA,NA,NA,NA,NA,NA
Iceland,1965,NA,NA,NA,NA,NA,NA,NA,NA
Iceland,1970,NA,NA,NA,NA,NA,NA,NA,NA
Iceland,1975,NA,NA,NA,NA,NA,NA,NA,NA
Iceland,1980,NA,NA,NA,NA,NA,NA,NA,NA
Iceland,1985,NA,NA,NA,NA,NA,NA,NA,NA
Iceland,1990,NA,NA,NA,NA,NA,NA,2e-4,2e-4
Iceland,1995,NA,NA,NA,NA,NA,NA,8e-4,8e-4
Iceland,2000,NA,NA,NA,NA,NA,NA,5e-4,5e-4
Iceland,2005,NA,NA,NA,NA,NA,NA,0.0011,0.0011
Iceland,2010,NA,NA,NA,NA,NA,NA,0.005,0.005
Cape Verde,1975,NA,NA,NA,NA,NA,NA,NA,NA
Cape Verde,1980,NA,NA,NA,NA,NA,NA,NA,NA
Cape Verde,1985,NA,NA,NA,NA,NA,NA,NA,NA
Cape Verde,1990,NA,NA,NA,NA,NA,NA,0.0223,0.0223
Cape Verde,1995,NA,NA,NA,NA,NA,NA,0.0255,0.0255
Cape Verde,2000,NA,NA,NA,NA,NA,NA,0.0277,0.0277
Cape Verde,2005,0.0222,0.0026,NA,NA,NA,NA,NA,0.0248
Cape Verde,2010,0.0299,0.0021,NA,NA,NA,NA,NA,0.032
São Tomé & Príncipe,1975,NA,NA,NA,NA,NA,NA,NA,NA
São Tomé & Príncipe,1980,NA,NA,NA,NA,NA,NA,NA,NA
São Tomé & Príncipe,1985,NA,NA,NA,NA,NA,NA,NA,NA
São Tomé & Príncipe,1990,NA,NA,NA,NA,NA,NA,4e-4,4e-4
São Tomé & Príncipe,1995,NA,NA,NA,NA,NA,NA,4e-4,4e-4
São Tomé & Príncipe,2000,NA,NA,NA,NA,NA,NA,4e-4,4e-4
São Tomé & Príncipe,2005,NA,NA,NA,NA,NA,NA,0.0084,0.0084
São Tomé & Príncipe,2010,NA,NA,NA,NA,NA,NA,0.015,0.015
Guinea-Bissau,1975,NA,NA,NA,NA,NA,NA,0.3032,0.3032
Guinea-Bissau,1980,NA,NA,NA,NA,NA,NA,0.32,0.32
Guinea-Bissau,1985,NA,NA,NA,NA,NA,NA,0.33,0.33
Guinea-Bissau,1990,NA,NA,NA,NA,NA,NA,0.33,0.33
Guinea-Bissau,1995,NA,NA,NA,NA,NA,NA,0.35,0.35
Guinea-Bissau,2000,0.4081,0.0084,NA,NA,NA,NA,NA,0.4165
Guinea-Bissau,2005,0.4116,0.0084,NA,NA,NA,NA,NA,0.42
Guinea-Bissau,2010,0.3891,0.01,NA,NA,NA,NA,NA,0.3991
Equatorial Guinea,1970,NA,NA,NA,NA,NA,NA,0.0045,0.0045
Equatorial Guinea,1975,NA,NA,NA,NA,NA,NA,0.0063,0.0063
Equatorial Guinea,1980,NA,NA,NA,NA,NA,NA,0.0071,0.0071
Equatorial Guinea,1985,NA,NA,NA,NA,NA,NA,0.0136,0.0136
Equatorial Guinea,1990,NA,NA,NA,NA,NA,NA,0.02,0.02
Equatorial Guinea,1995,NA,NA,NA,NA,NA,NA,0.0307,0.0307
Equatorial Guinea,2000,0.0413,NA,NA,NA,NA,NA,NA,0.0413
Equatorial Guinea,2005,0.0405,NA,NA,NA,NA,NA,NA,0.0405
Equatorial Guinea,2010,0.0394,NA,NA,NA,NA,NA,NA,0.0394
Gambia,1965,NA,NA,NA,NA,NA,NA,0.8168,0.8168
Gambia,1970,NA,NA,NA,NA,NA,NA,0.8338,0.8338
Gambia,1975,NA,NA,NA,NA,NA,NA,0.8362,0.8362
Gambia,1980,NA,NA,NA,NA,NA,7e-4,0.8427,0.8433
Gambia,1985,NA,NA,NA,NA,NA,NA,0.8613,0.8613
Gambia,1990,NA,NA,NA,NA,NA,NA,0.8586,0.8586
Gambia,1995,NA,NA,NA,NA,NA,NA,0.8919,0.8919
Gambia,2000,0.89,0.01,NA,NA,NA,NA,NA,0.9
Gambia,2005,0.8948,0.01,NA,NA,NA,NA,NA,0.9048
Gambia,2010,0.89,0.01,NA,NA,NA,NA,NA,0.9
Mali,1960,NA,NA,NA,NA,NA,NA,0.7567,0.7567
Mali,1965,NA,NA,NA,NA,NA,NA,0.7957,0.7957
Mali,1970,NA,NA,NA,NA,NA,NA,0.8024,0.8024
Mali,1975,NA,NA,NA,NA,NA,NA,0.8906,0.8906
Mali,1980,NA,NA,NA,NA,NA,NA,0.8897,0.8897
Mali,1985,NA,NA,NA,NA,NA,NA,0.8764,0.8764
Mali,1990,NA,NA,NA,NA,NA,NA,0.8783,0.8783
Mali,1995,NA,NA,NA,NA,NA,NA,0.8854,0.8854
Mali,2000,0.8879,0.0094,NA,NA,NA,NA,NA,0.8973
Mali,2005,0.8992,0.0049,NA,NA,NA,NA,NA,0.9041
Mali,2010,0.93,0.01,NA,NA,NA,NA,NA,0.94
Senegal,1960,0.3426,NA,NA,NA,NA,NA,0.3874,0.73
Senegal,1965,0.4639,NA,NA,NA,NA,NA,0.2861,0.75
Senegal,1970,0.6135,NA,NA,NA,NA,NA,0.2161,0.8296
Senegal,1975,0.6732,NA,NA,NA,NA,NA,0.1868,0.86
Senegal,1980,0.7026,NA,NA,NA,NA,NA,0.1674,0.87
Senegal,1985,0.8545,NA,NA,NA,NA,NA,0.0311,0.8857
Senegal,1990,0.8221,NA,NA,NA,NA,NA,0.0558,0.8779
Senegal,1995,0.7269,NA,NA,NA,NA,NA,0.1511,0.878
Senegal,2000,0.9237,0.01,NA,NA,NA,NA,NA,0.9337
Senegal,2005,0.9265,0.01,NA,NA,NA,NA,NA,0.9365
Senegal,2010,0.9286,0.0103,NA,NA,NA,NA,NA,0.9389
Benin,1960,NA,NA,NA,NA,NA,NA,0.1247,0.1247
Benin,1965,NA,NA,NA,NA,NA,NA,0.1249,0.1249
Benin,1970,NA,NA,NA,NA,NA,NA,0.14,0.14
Benin,1975,NA,NA,NA,NA,NA,NA,0.1185,0.1185
Benin,1980,NA,NA,NA,NA,NA,1e-4,0.1031,0.1032
Benin,1985,NA,NA,NA,NA,NA,NA,0.12,0.12
Benin,1990,NA,NA,NA,NA,NA,NA,0.1836,0.1836
Benin,1995,NA,NA,NA,NA,NA,NA,0.22,0.22
Benin,2000,0.242,0.0049,NA,NA,NA,NA,NA,0.247
Benin,2005,0.2196,0.0092,NA,NA,NA,NA,NA,0.2288
Benin,2010,0.2623,0.0024,NA,NA,NA,NA,NA,0.2647
Mauritania,1960,NA,NA,NA,NA,NA,NA,0.99,0.99
Mauritania,1965,NA,NA,NA,NA,NA,NA,0.99,0.99
Mauritania,1970,NA,NA,NA,NA,NA,NA,0.993,0.993
Mauritania,1975,NA,NA,NA,NA,NA,NA,0.98,0.98
Mauritania,1980,NA,NA,NA,NA,NA,NA,0.98,0.98
Mauritania,1985,NA,NA,NA,NA,NA,NA,0.98,0.98
Mauritania,1990,NA,NA,NA,NA,NA,NA,0.985,0.985
Mauritania,1995,NA,NA,NA,NA,NA,NA,0.99,0.99
Mauritania,2000,0.9727,NA,NA,NA,NA,NA,NA,0.9727
Mauritania,2005,0.96,NA,NA,NA,NA,NA,NA,0.96
Mauritania,2010,0.97,NA,NA,NA,NA,NA,NA,0.97
Niger,1960,NA,NA,NA,NA,NA,NA,0.72,0.72
Niger,1965,NA,NA,NA,NA,NA,NA,0.7886,0.7886
Niger,1970,NA,NA,NA,NA,NA,NA,0.8451,0.8451
Niger,1975,NA,NA,NA,NA,NA,NA,0.86,0.86
Niger,1980,NA,NA,NA,NA,NA,NA,0.88,0.88
Niger,1985,NA,NA,NA,NA,NA,NA,0.89,0.89
Niger,1990,NA,NA,NA,NA,NA,NA,0.9016,0.9016
Niger,1995,NA,NA,NA,NA,NA,NA,0.9234,0.9234
Niger,2000,0.915,NA,NA,NA,NA,NA,NA,0.915
Niger,2005,0.9178,NA,NA,NA,NA,NA,NA,0.9178
Niger,2010,0.915,NA,NA,NA,NA,NA,NA,0.915
Côte d’Ivoire,1960,NA,NA,NA,NA,NA,NA,0.2173,0.2173
Côte d’Ivoire,1965,NA,NA,NA,NA,NA,NA,0.23,0.23
Côte d’Ivoire,1970,NA,NA,NA,NA,NA,NA,0.2298,0.2298
Côte d’Ivoire,1975,NA,NA,NA,NA,NA,NA,0.23,0.23
Côte d’Ivoire,1980,NA,NA,NA,NA,NA,NA,0.24,0.24
Côte d’Ivoire,1985,NA,NA,NA,NA,NA,NA,0.27,0.27
Côte d’Ivoire,1990,0.3824,0.0043,NA,NA,NA,NA,NA,0.3867
Côte d’Ivoire,1995,0.3753,0.0042,NA,NA,NA,NA,NA,0.3795
Côte d’Ivoire,2000,0.3791,0.0039,NA,NA,NA,NA,0.0039,0.3868
Côte d’Ivoire,2005,0.384,0.0037,NA,NA,NA,NA,0.0037,0.3913
Côte d’Ivoire,2010,0.3675,0.0037,NA,NA,NA,NA,0.0037,0.375
Guinea,1960,NA,NA,NA,NA,NA,NA,0.4951,0.4951
Guinea,1965,NA,NA,NA,NA,NA,NA,0.4661,0.4661
Guinea,1970,NA,NA,NA,NA,NA,NA,0.5574,0.5574
Guinea,1975,NA,NA,NA,NA,NA,NA,0.6404,0.6404
Guinea,1980,NA,NA,NA,NA,NA,NA,0.6678,0.6678
Guinea,1985,NA,NA,NA,NA,NA,NA,0.67,0.67
Guinea,1990,NA,NA,NA,NA,NA,NA,0.6685,0.6685
Guinea,1995,NA,NA,NA,NA,NA,NA,0.68,0.68
Guinea,2000,0.844,0.006,NA,NA,NA,NA,NA,0.85
Guinea,2005,0.842,0.008,NA,NA,NA,NA,NA,0.85
Guinea,2010,0.842,0.008,NA,NA,NA,NA,NA,0.85
Burkina Faso,1960,NA,NA,NA,NA,NA,NA,0.23,0.23
Burkina Faso,1965,NA,NA,NA,NA,NA,NA,0.3,0.3
Burkina Faso,1970,NA,NA,NA,NA,NA,NA,0.3237,0.3237
Burkina Faso,1975,NA,NA,NA,NA,NA,NA,0.3573,0.3573
Burkina Faso,1980,NA,NA,NA,NA,NA,NA,0.4283,0.4283
Burkina Faso,1985,NA,NA,NA,NA,NA,NA,0.4681,0.4681
Burkina Faso,1990,NA,NA,NA,NA,NA,NA,0.4862,0.4862
Burkina Faso,1995,NA,NA,NA,NA,NA,NA,0.5,0.5
Burkina Faso,2000,0.56,0.01,NA,NA,NA,NA,NA,0.57
Burkina Faso,2005,0.5698,0.0102,NA,NA,NA,NA,NA,0.58
Burkina Faso,2010,0.57,0.009,NA,NA,NA,NA,NA,0.579
Liberia,1945,NA,NA,NA,NA,NA,NA,0.1073,0.1073
Liberia,1950,NA,NA,NA,NA,NA,NA,0.1207,0.1207
Liberia,1955,NA,NA,NA,NA,NA,NA,0.1298,0.1298
Liberia,1960,NA,NA,NA,NA,NA,NA,0.14,0.14
Liberia,1965,NA,NA,NA,NA,NA,NA,0.14,0.14
Liberia,1970,NA,NA,NA,NA,NA,NA,0.1393,0.1393
Liberia,1975,NA,NA,NA,NA,NA,NA,0.1635,0.1635
Liberia,1980,NA,NA,NA,NA,NA,4e-4,0.1796,0.18
Liberia,1985,NA,NA,NA,NA,NA,NA,0.18,0.18
Liberia,1990,NA,NA,NA,NA,NA,NA,0.18,0.18
Liberia,1995,NA,NA,NA,NA,NA,NA,0.16,0.16
Liberia,2000,0.195,0.005,NA,NA,NA,NA,NA,0.2
Liberia,2005,0.1365,0.0035,NA,NA,NA,NA,NA,0.14
Liberia,2010,0.1101,0.0024,NA,NA,NA,NA,NA,0.1125
Sierra Leone,1965,NA,NA,NA,NA,NA,NA,0.3723,0.3723
Sierra Leone,1970,NA,NA,NA,NA,NA,NA,0.3899,0.3899
Sierra Leone,1975,NA,NA,NA,NA,NA,NA,0.3978,0.3978
Sierra Leone,1980,NA,NA,NA,NA,NA,0.0028,0.4102,0.413
Sierra Leone,1985,NA,NA,NA,NA,NA,NA,0.4262,0.4262
Sierra Leone,1990,NA,NA,NA,NA,NA,NA,0.45,0.45
Sierra Leone,1995,NA,NA,NA,NA,NA,NA,0.58,0.58
Sierra Leone,2000,0.5282,0.0515,NA,NA,NA,NA,NA,0.5797
Sierra Leone,2005,0.4917,0.0799,NA,NA,NA,NA,NA,0.5717
Sierra Leone,2010,0.5382,0.015,NA,NA,NA,NA,NA,0.5532
Ghana,1960,NA,NA,NA,NA,NA,NA,0.1196,0.1196
Ghana,1965,NA,NA,NA,NA,NA,NA,0.12,0.12
Ghana,1970,NA,NA,NA,NA,NA,NA,0.1382,0.1382
Ghana,1975,NA,NA,NA,NA,NA,NA,0.1521,0.1521
Ghana,1980,NA,NA,NA,NA,NA,0.0837,0.0826,0.1662
Ghana,1985,NA,NA,NA,NA,NA,NA,0.1582,0.1582
Ghana,1990,NA,NA,NA,NA,NA,NA,0.1951,0.1951
Ghana,1995,NA,NA,NA,NA,NA,NA,0.1998,0.1998
Ghana,2000,0.1831,0.0043,NA,NA,NA,NA,NA,0.1874
Ghana,2005,0.1385,0.021,NA,NA,NA,NA,NA,0.1595
Ghana,2010,0.1528,0.0232,NA,NA,NA,NA,NA,0.176
Togo,1960,NA,NA,NA,NA,NA,NA,0.0845,0.0845
Togo,1965,NA,NA,NA,NA,NA,NA,0.0799,0.0799
Togo,1970,NA,NA,NA,NA,NA,NA,0.1377,0.1377
Togo,1975,NA,NA,NA,NA,NA,NA,0.1592,0.1592
Togo,1980,NA,NA,NA,NA,NA,3e-4,0.1684,0.1688
Togo,1985,0.1684,NA,NA,NA,NA,NA,NA,0.1684
Togo,1990,NA,NA,NA,NA,NA,NA,0.1844,0.1844
Togo,1995,NA,NA,NA,NA,NA,NA,0.18,0.18
Togo,2000,0.12,NA,NA,NA,NA,NA,NA,0.12
Togo,2005,0.137,NA,NA,NA,NA,NA,NA,0.137
Togo,2010,0.14,NA,NA,NA,NA,NA,NA,0.14
Cameroon,1960,NA,NA,NA,NA,NA,NA,0.1133,0.1133
Cameroon,1965,NA,NA,NA,NA,NA,NA,0.133,0.133
Cameroon,1970,NA,NA,NA,NA,NA,NA,0.1937,0.1937
Cameroon,1975,NA,NA,NA,NA,NA,NA,0.2094,0.2094
Cameroon,1980,NA,NA,NA,NA,NA,NA,0.22,0.22
Cameroon,1985,NA,NA,NA,NA,NA,NA,0.22,0.22
Cameroon,1990,NA,NA,NA,NA,NA,NA,0.212,0.212
Cameroon,1995,NA,NA,NA,NA,NA,NA,0.22,0.22
Cameroon,2000,0.192,NA,NA,NA,NA,NA,NA,0.192
Cameroon,2005,0.1963,NA,NA,NA,NA,NA,NA,0.1963
Cameroon,2010,0.214,NA,NA,NA,NA,NA,NA,0.214
Nigeria,1960,NA,NA,NA,NA,NA,NA,0.3593,0.3593
Nigeria,1965,NA,NA,NA,NA,NA,NA,0.39,0.39
Nigeria,1970,NA,NA,NA,NA,NA,NA,0.4107,0.4107
Nigeria,1975,NA,NA,NA,NA,NA,NA,0.4404,0.4404
Nigeria,1980,NA,NA,NA,NA,NA,0.0064,0.4472,0.4536
Nigeria,1985,NA,NA,NA,NA,NA,NA,0.4991,0.4991
Nigeria,1990,NA,NA,NA,NA,NA,NA,0.4461,0.4461
Nigeria,1995,NA,NA,NA,NA,NA,NA,0.4687,0.4687
Nigeria,2000,0.45,0.05,NA,NA,NA,NA,NA,0.5
Nigeria,2005,0.45,0.045,NA,NA,NA,NA,NA,0.495
Nigeria,2010,0.463,0.045,NA,NA,NA,NA,NA,0.508
Gabon,1960,NA,NA,NA,NA,NA,NA,0.0049,0.0049
Gabon,1965,NA,NA,NA,NA,NA,NA,0.0065,0.0065
Gabon,1970,NA,NA,NA,NA,NA,NA,0.0075,0.0075
Gabon,1975,NA,NA,NA,NA,NA,NA,0.0083,0.0083
Gabon,1980,NA,NA,NA,NA,NA,NA,0.0087,0.0087
Gabon,1985,NA,NA,NA,NA,NA,NA,0.0103,0.0103
Gabon,1990,NA,NA,NA,NA,NA,NA,0.0428,0.0428
Gabon,1995,NA,NA,NA,NA,NA,NA,0.074,0.074
Gabon,2000,0.115,0.005,NA,NA,NA,NA,NA,0.12
Gabon,2005,0.115,0.005,NA,NA,NA,NA,NA,0.12
Gabon,2010,0.145,0.005,NA,NA,NA,NA,NA,0.15
Central African Republic,1960,NA,NA,NA,NA,NA,NA,0.04,0.04
Central African Republic,1965,NA,NA,NA,NA,NA,NA,0.0349,0.0349
Central African Republic,1970,NA,NA,NA,NA,NA,NA,0.047,0.047
Central African Republic,1975,NA,NA,NA,NA,NA,NA,0.0626,0.0626
Central African Republic,1980,NA,NA,NA,NA,NA,NA,0.0729,0.0729
Central African Republic,1985,NA,NA,NA,NA,NA,NA,0.08,0.08
Central African Republic,1990,NA,NA,NA,NA,NA,NA,0.1553,0.1553
Central African Republic,1995,NA,NA,NA,NA,NA,NA,0.15,0.15
Central African Republic,2000,0.1549,0.0015,NA,NA,NA,NA,NA,0.1564
Central African Republic,2005,0.141,0.009,NA,NA,NA,NA,NA,0.15
Central African Republic,2010,0.141,0.009,NA,NA,NA,NA,NA,0.15
Chad,1960,NA,NA,NA,NA,NA,NA,0.5711,0.5711
Chad,1965,NA,NA,NA,NA,NA,NA,0.5438,0.5438
Chad,1970,NA,NA,NA,NA,NA,NA,0.4967,0.4967
Chad,1975,NA,NA,NA,NA,NA,NA,0.4685,0.4685
Chad,1980,NA,NA,NA,NA,NA,NA,0.4396,0.4396
Chad,1985,NA,NA,NA,NA,NA,NA,0.44,0.44
Chad,1990,NA,NA,NA,NA,NA,NA,0.47,0.47
Chad,1995,NA,NA,NA,NA,NA,NA,0.5,0.5
Chad,2000,0.5337,0.0054,NA,NA,NA,NA,NA,0.5391
Chad,2005,0.54,0.012,NA,NA,NA,NA,NA,0.552
Chad,2010,0.54,0.012,NA,NA,NA,NA,NA,0.552
Congo - Brazzaville,1960,NA,NA,NA,NA,NA,NA,0.0039,0.0039
Congo - Brazzaville,1965,NA,NA,NA,NA,NA,NA,0.0041,0.0041
Congo - Brazzaville,1970,NA,NA,NA,NA,NA,NA,0.0042,0.0042
Congo - Brazzaville,1975,NA,NA,NA,NA,NA,NA,0.0041,0.0041
Congo - Brazzaville,1980,NA,NA,NA,NA,NA,NA,0.0039,0.0039
Congo - Brazzaville,1985,NA,NA,NA,NA,NA,NA,0.0082,0.0082
Congo - Brazzaville,1990,NA,NA,NA,NA,NA,NA,0.0112,0.0112
Congo - Brazzaville,1995,NA,NA,NA,NA,NA,NA,0.02,0.02
Congo - Brazzaville,2000,0.0139,5e-4,NA,NA,NA,NA,NA,0.0144
Congo - Brazzaville,2005,0.02,5e-4,NA,NA,NA,NA,NA,0.0205
Congo - Brazzaville,2010,0.0188,5e-4,NA,NA,NA,NA,NA,0.0193
Congo - Kinshasa,1960,NA,NA,NA,NA,NA,NA,0.0154,0.0154
Congo - Kinshasa,1965,NA,NA,NA,NA,NA,NA,0.0148,0.0148
Congo - Kinshasa,1970,NA,NA,NA,NA,NA,NA,0.0138,0.0138
Congo - Kinshasa,1975,NA,NA,NA,NA,NA,NA,0.01,0.01
Congo - Kinshasa,1980,NA,NA,NA,NA,NA,NA,0.0148,0.0148
Congo - Kinshasa,1985,NA,NA,NA,NA,NA,NA,0.0133,0.0133
Congo - Kinshasa,1990,NA,NA,NA,NA,NA,NA,0.0122,0.0122
Congo - Kinshasa,1995,NA,NA,NA,NA,NA,NA,0.01,0.01
Congo - Kinshasa,2000,0.013,NA,NA,NA,NA,NA,NA,0.013
Congo - Kinshasa,2005,0.015,NA,NA,NA,NA,NA,NA,0.015
Congo - Kinshasa,2010,0.013,NA,NA,NA,NA,NA,NA,0.013
Uganda,1965,NA,NA,NA,NA,NA,NA,0.0477,0.0477
Uganda,1970,NA,NA,NA,NA,NA,NA,0.06,0.06
Uganda,1975,NA,NA,NA,NA,NA,NA,0.0781,0.0781
Uganda,1980,NA,NA,NA,NA,NA,3e-4,0.0797,0.08
Uganda,1985,NA,NA,NA,NA,NA,NA,0.1036,0.1036
Uganda,1990,NA,NA,NA,NA,NA,NA,0.1107,0.1107
Uganda,1995,NA,NA,NA,NA,NA,NA,0.112,0.112
Uganda,2000,0.1149,0.006,NA,NA,NA,NA,NA,0.121
Uganda,2005,0.1123,0.0053,NA,NA,NA,NA,NA,0.1177
Uganda,2010,0.1146,0.0054,NA,NA,NA,NA,NA,0.12
Kenya,1965,NA,NA,NA,NA,NA,NA,0.04,0.04
Kenya,1970,NA,NA,NA,NA,NA,NA,0.0654,0.0654
Kenya,1975,NA,NA,NA,NA,NA,NA,0.0625,0.0625
Kenya,1980,NA,NA,NA,NA,NA,2e-4,0.0563,0.0565
Kenya,1985,NA,NA,NA,NA,NA,NA,0.06,0.06
Kenya,1990,NA,NA,NA,NA,NA,NA,0.0699,0.0699
Kenya,1995,NA,NA,NA,NA,NA,NA,0.0666,0.0666
Kenya,2000,0.076,0.004,NA,NA,NA,NA,NA,0.08
Kenya,2005,0.086,0.0045,NA,NA,NA,NA,NA,0.0905
Kenya,2010,0.0992,0.0052,NA,NA,NA,NA,NA,0.1045
Tanzania,1965,NA,NA,NA,NA,NA,NA,0.2896,0.2896
Tanzania,1970,NA,NA,NA,NA,NA,NA,0.3095,0.3095
Tanzania,1975,NA,NA,NA,NA,NA,NA,0.3257,0.3257
Tanzania,1980,NA,NA,NA,NA,NA,5e-4,0.3153,0.3158
Tanzania,1985,NA,NA,NA,NA,NA,NA,0.31,0.31
Tanzania,1990,NA,NA,NA,NA,NA,NA,0.314,0.314
Tanzania,1995,NA,NA,NA,NA,NA,NA,0.32,0.32
Tanzania,2000,0.315,0.035,NA,NA,NA,NA,NA,0.35
Tanzania,2005,0.3,0.0386,NA,NA,NA,NA,NA,0.3386
Tanzania,2010,0.3189,0.0411,NA,NA,NA,NA,NA,0.36
Burundi,1965,NA,NA,NA,NA,NA,NA,0.0087,0.0087
Burundi,1970,NA,NA,NA,NA,NA,NA,0.0085,0.0085
Burundi,1975,NA,NA,NA,NA,NA,NA,0.0093,0.0093
Burundi,1980,NA,NA,NA,NA,NA,NA,0.0096,0.0096
Burundi,1985,NA,NA,NA,NA,NA,NA,0.01,0.01
Burundi,1990,0.0184,0.001,NA,NA,NA,NA,NA,0.0194
Burundi,1995,NA,NA,NA,NA,NA,NA,0.01,0.01
Burundi,2000,0.0332,0.0017,NA,NA,NA,NA,NA,0.035
Burundi,2005,0.0284,0.0013,NA,NA,NA,NA,NA,0.0297
Burundi,2010,0.024,0.001,NA,NA,NA,NA,NA,0.025
Rwanda,1965,NA,NA,NA,NA,NA,NA,0.0898,0.0898
Rwanda,1970,NA,NA,NA,NA,NA,NA,0.0832,0.0832
Rwanda,1975,NA,NA,NA,NA,NA,NA,0.08,0.08
Rwanda,1980,NA,NA,NA,NA,NA,NA,0.09,0.09
Rwanda,1985,NA,NA,NA,NA,NA,NA,0.0909,0.0909
Rwanda,1990,NA,NA,NA,NA,NA,NA,0.0774,0.0774
Rwanda,1995,NA,NA,NA,NA,NA,NA,0.07,0.07
Rwanda,2000,0.042,5e-4,NA,NA,NA,NA,NA,0.0425
Rwanda,2005,0.0495,5e-4,NA,NA,NA,NA,NA,0.05
Rwanda,2010,0.0455,5e-4,NA,NA,NA,NA,NA,0.046
Somalia,1960,0.9947,NA,NA,NA,NA,NA,NA,0.9947
Somalia,1965,0.9929,NA,NA,NA,NA,NA,NA,0.9929
Somalia,1970,0.9973,NA,NA,NA,NA,NA,NA,0.9973
Somalia,1975,0.9872,NA,NA,NA,NA,NA,NA,0.9872
Somalia,1980,0.9973,NA,NA,NA,NA,NA,NA,0.9973
Somalia,1985,0.9711,NA,NA,NA,NA,NA,0.02,0.9911
Somalia,1990,0.977,NA,NA,NA,NA,NA,0.0172,0.9942
Somalia,1995,0.9632,NA,NA,NA,NA,NA,0.0273,0.9905
Somalia,2000,0.985,0.01,NA,NA,NA,NA,NA,0.995
Somalia,2005,0.985,0.009,NA,NA,NA,NA,NA,0.994
Somalia,2010,0.985,0.01,NA,NA,NA,NA,NA,0.995
Djibouti,1980,NA,NA,NA,NA,NA,4e-4,0.9316,0.932
Djibouti,1985,NA,NA,NA,NA,NA,NA,0.9395,0.9395
Djibouti,1990,NA,NA,NA,NA,NA,NA,0.9371,0.9371
Djibouti,1995,NA,NA,NA,NA,NA,NA,0.94,0.94
Djibouti,2000,0.975,NA,NA,NA,NA,NA,NA,0.975
Djibouti,2005,0.975,NA,NA,NA,NA,NA,NA,0.975
Djibouti,2010,0.975,NA,NA,NA,NA,NA,NA,0.975
Ethiopia,1945,NA,NA,NA,NA,NA,NA,0.2859,0.2859
Ethiopia,1950,NA,NA,NA,NA,NA,NA,0.2711,0.2711
Ethiopia,1955,NA,NA,NA,NA,NA,NA,0.3,0.3
Ethiopia,1960,NA,NA,NA,NA,NA,NA,0.35,0.35
Ethiopia,1965,NA,NA,NA,NA,NA,NA,0.34,0.34
Ethiopia,1970,NA,NA,NA,NA,NA,NA,0.3108,0.3108
Ethiopia,1975,NA,NA,NA,NA,NA,NA,0.3,0.3
Ethiopia,1980,NA,NA,NA,NA,NA,NA,0.3,0.3
Ethiopia,1985,NA,NA,NA,NA,NA,NA,0.32,0.32
Ethiopia,1990,NA,NA,NA,NA,NA,NA,0.32,0.32
Ethiopia,1995,NA,NA,NA,NA,NA,NA,0.34,0.34
Ethiopia,2000,0.3261,0.0033,NA,NA,NA,NA,NA,0.3294
Ethiopia,2005,0.3663,0.0065,NA,NA,NA,NA,NA,0.3728
Ethiopia,2010,0.3392,0.0052,NA,NA,NA,NA,NA,0.3444
Eritrea,1995,NA,NA,NA,NA,NA,NA,0.4863,0.4863
Eritrea,2000,0.5,NA,NA,NA,NA,NA,NA,0.5
Eritrea,2005,0.53,NA,NA,NA,NA,NA,NA,0.53
Eritrea,2010,0.4012,NA,NA,NA,NA,NA,NA,0.4012
Angola,1975,NA,NA,NA,NA,NA,NA,0.004,0.004
Angola,1980,NA,NA,NA,NA,NA,NA,0.0067,0.0067
Angola,1985,NA,NA,NA,NA,NA,NA,0.0087,0.0087
Angola,1990,NA,NA,NA,NA,NA,NA,0.0091,0.0091
Angola,1995,NA,NA,NA,NA,NA,NA,0.0105,0.0105
Angola,2000,NA,NA,NA,NA,NA,NA,0.0101,0.0101
Angola,2005,NA,NA,NA,NA,NA,NA,0.0105,0.0105
Angola,2010,NA,NA,NA,NA,NA,NA,0.0104,0.0104
Mozambique,1975,NA,NA,NA,NA,NA,NA,0.136,0.136
Mozambique,1980,NA,NA,NA,NA,NA,NA,0.15,0.15
Mozambique,1985,NA,NA,NA,NA,NA,NA,0.15,0.15
Mozambique,1990,NA,NA,NA,NA,NA,NA,0.16,0.16
Mozambique,1995,NA,NA,NA,NA,NA,NA,0.16,0.16
Mozambique,2000,0.2178,0.0022,NA,NA,NA,NA,NA,0.22
Mozambique,2005,0.2148,0.0027,NA,NA,NA,NA,NA,0.2175
Mozambique,2010,0.2396,0.004,NA,NA,NA,NA,NA,0.2436
Zambia,1965,NA,NA,NA,NA,NA,NA,0.0032,0.0032
Zambia,1970,NA,NA,NA,NA,NA,NA,0.0031,0.0031
Zambia,1975,NA,NA,NA,NA,NA,NA,0.0029,0.0029
Zambia,1980,NA,NA,NA,NA,NA,NA,0.003,0.003
Zambia,1985,NA,NA,NA,NA,NA,NA,0.0072,0.0072
Zambia,1990,NA,NA,NA,NA,NA,NA,0.0099,0.0099
Zambia,1995,NA,NA,NA,NA,NA,NA,0.011,0.011
Zambia,2000,0.0063,5e-4,NA,NA,NA,NA,NA,0.0068
Zambia,2005,0.005,5e-4,NA,NA,NA,NA,NA,0.0055
Zambia,2010,0.005,5e-4,NA,NA,NA,NA,NA,0.0055
Zimbabwe,1965,NA,NA,NA,NA,NA,NA,0.0096,0.0096
Zimbabwe,1970,NA,NA,NA,NA,NA,NA,0.0096,0.0096
Zimbabwe,1975,NA,NA,NA,NA,NA,NA,0.0096,0.0096
Zimbabwe,1980,NA,NA,NA,NA,NA,NA,0.0099,0.0099
Zimbabwe,1985,NA,NA,NA,NA,NA,NA,0.009,0.009
Zimbabwe,1990,NA,NA,NA,NA,NA,NA,0.0085,0.0085
Zimbabwe,1995,NA,NA,NA,NA,NA,NA,0.0072,0.0072
Zimbabwe,2000,0.0071,1e-4,NA,NA,NA,NA,NA,0.0072
Zimbabwe,2005,0.0057,1e-4,NA,NA,NA,NA,NA,0.0058
Zimbabwe,2010,0.0105,2e-4,NA,NA,NA,NA,NA,0.0107
Malawi,1965,NA,NA,NA,NA,NA,NA,0.1919,0.1919
Malawi,1970,NA,NA,NA,NA,NA,NA,0.1629,0.1629
Malawi,1975,NA,NA,NA,NA,NA,NA,0.1579,0.1579
Malawi,1980,NA,NA,NA,NA,NA,NA,0.1494,0.1494
Malawi,1985,NA,NA,NA,NA,NA,NA,0.2,0.2
Malawi,1990,NA,NA,NA,NA,NA,NA,0.2,0.2
Malawi,1995,NA,NA,NA,NA,NA,NA,0.16,0.16
Malawi,2000,0.1471,0.0074,NA,NA,NA,NA,NA,0.1545
Malawi,2005,0.1418,0.0042,NA,NA,NA,NA,NA,0.146
Malawi,2010,0.1418,0.0042,NA,NA,NA,NA,NA,0.146
South Africa,1945,NA,NA,NA,NA,NA,NA,0.006,0.006
South Africa,1950,NA,NA,NA,NA,NA,NA,0.0077,0.0077
South Africa,1955,NA,NA,NA,NA,NA,NA,0.0103,0.0103
South Africa,1960,NA,NA,NA,NA,NA,NA,0.012,0.012
South Africa,1965,NA,NA,NA,NA,NA,NA,0.0121,0.0121
South Africa,1970,NA,NA,NA,NA,NA,NA,0.012,0.012
South Africa,1975,NA,NA,NA,NA,NA,NA,0.0123,0.0123
South Africa,1980,NA,NA,NA,NA,NA,2e-4,0.0122,0.0124
South Africa,1985,NA,NA,NA,NA,NA,NA,0.0106,0.0106
South Africa,1990,NA,NA,NA,NA,NA,NA,0.0118,0.0118
South Africa,1995,0.0109,0.001,NA,NA,NA,NA,NA,0.0119
South Africa,2000,0.0146,0.0016,NA,NA,NA,NA,NA,0.0162
South Africa,2005,0.0144,0.0015,NA,NA,NA,NA,NA,0.0158
South Africa,2010,0.0154,0.0015,NA,NA,NA,NA,NA,0.0169
Namibia,1990,NA,NA,NA,NA,NA,NA,1e-4,1e-4
Namibia,1995,NA,NA,NA,NA,NA,NA,0.002,0.002
Namibia,2000,0.0034,1e-4,NA,NA,NA,NA,0.0034,0.0069
Namibia,2005,0.0046,4e-4,NA,NA,NA,NA,NA,0.005
Namibia,2010,0.0044,3e-4,NA,NA,NA,NA,NA,0.0048
Lesotho,1970,NA,NA,NA,NA,NA,NA,5e-4,5e-4
Lesotho,1975,NA,NA,NA,NA,NA,NA,5e-4,5e-4
Lesotho,1980,NA,NA,NA,NA,NA,NA,5e-4,5e-4
Lesotho,1985,NA,NA,NA,NA,NA,NA,5e-4,5e-4
Lesotho,1990,NA,NA,NA,NA,NA,NA,5e-4,5e-4
Lesotho,1995,NA,NA,NA,NA,NA,NA,5e-4,5e-4
Lesotho,2000,NA,NA,NA,NA,NA,NA,5e-4,5e-4
Lesotho,2005,NA,NA,NA,NA,NA,NA,6e-4,6e-4
Lesotho,2010,NA,NA,NA,NA,NA,NA,8e-4,8e-4
Botswana,1970,NA,NA,NA,NA,NA,NA,3e-4,3e-4
Botswana,1975,NA,NA,NA,NA,NA,NA,3e-4,3e-4
Botswana,1980,NA,NA,NA,NA,NA,NA,3e-4,3e-4
Botswana,1985,NA,NA,NA,NA,NA,NA,0.0012,0.0012
Botswana,1990,NA,NA,NA,NA,NA,NA,0.0018,0.0018
Botswana,1995,NA,NA,NA,NA,NA,NA,0.0023,0.0023
Botswana,2000,0.0237,0.0012,NA,NA,NA,NA,NA,0.025
Botswana,2005,0.0236,0.0012,NA,NA,NA,NA,NA,0.0249
Botswana,2010,0.026,0.0014,NA,NA,NA,NA,NA,0.0274
Eswatini,1970,NA,NA,NA,NA,NA,NA,7e-4,7e-4
Eswatini,1975,NA,NA,NA,NA,NA,NA,7e-4,7e-4
Eswatini,1980,NA,NA,NA,NA,NA,NA,7e-4,7e-4
Eswatini,1985,NA,NA,NA,NA,NA,NA,0.004,0.004
Eswatini,1990,NA,NA,NA,NA,NA,NA,0.0061,0.0061
Eswatini,1995,NA,NA,NA,NA,NA,NA,0.0059,0.0059
Eswatini,2000,NA,NA,NA,NA,NA,NA,0.0012,0.0012
Eswatini,2005,NA,NA,NA,NA,NA,NA,0.0013,0.0013
Eswatini,2010,NA,NA,NA,NA,NA,NA,0.0066,0.0066
Madagascar,1960,NA,NA,NA,NA,NA,NA,0.0158,0.0158
Madagascar,1965,NA,NA,NA,NA,NA,NA,0.0164,0.0164
Madagascar,1970,NA,NA,NA,NA,NA,NA,0.0171,0.0171
Madagascar,1975,NA,NA,NA,NA,NA,NA,0.0178,0.0178
Madagascar,1980,NA,NA,NA,NA,NA,NA,0.0175,0.0175
Madagascar,1985,NA,NA,NA,NA,NA,NA,0.02,0.02
Madagascar,1990,NA,NA,NA,NA,NA,NA,0.0214,0.0214
Madagascar,1995,NA,NA,NA,NA,NA,NA,0.0194,0.0194
Madagascar,2000,0.0273,0.0016,NA,NA,NA,NA,NA,0.0289
Madagascar,2005,0.0426,0.0024,NA,NA,NA,NA,NA,0.045
Madagascar,2010,0.052,0.0027,NA,NA,NA,NA,NA,0.0547
Comoros,1975,NA,NA,NA,NA,NA,NA,0.98,0.98
Comoros,1980,NA,NA,NA,NA,NA,NA,0.98,0.98
Comoros,1985,NA,NA,NA,NA,NA,NA,0.98,0.98
Comoros,1990,NA,NA,NA,NA,NA,NA,0.98,0.98
Comoros,1995,NA,NA,NA,NA,NA,NA,0.9824,0.9824
Comoros,2000,NA,0.9806,NA,NA,NA,NA,NA,0.9806
Comoros,2005,NA,0.9806,NA,NA,NA,NA,NA,0.9806
Comoros,2010,NA,0.9806,NA,NA,NA,NA,NA,0.9806
Mauritius,1970,NA,NA,NA,NA,NA,NA,0.1594,0.1594
Mauritius,1975,NA,NA,NA,NA,NA,NA,0.1631,0.1631
Mauritius,1980,NA,NA,NA,NA,NA,0.018,0.1465,0.1645
Mauritius,1985,NA,NA,NA,NA,NA,NA,0.1645,0.1645
Mauritius,1990,NA,NA,NA,NA,NA,NA,0.1653,0.1653
Mauritius,1995,NA,NA,NA,NA,NA,NA,0.17,0.17
Mauritius,2000,0.1463,0.0131,NA,NA,NA,NA,NA,0.1595
Mauritius,2005,0.15310000000000001,0.0138,NA,NA,NA,NA,NA,0.167
Mauritius,2010,0.1589,0.0143,NA,NA,NA,NA,NA,0.1732
Seychelles,1980,NA,NA,NA,NA,NA,NA,0.0033,0.0033
Seychelles,1985,NA,NA,NA,NA,NA,NA,0.0028,0.0028
Seychelles,1990,NA,NA,NA,NA,NA,NA,0.0023,0.0023
Seychelles,1995,NA,NA,NA,NA,NA,NA,0.0069,0.0069
Seychelles,2000,NA,NA,NA,NA,NA,NA,0.0067,0.0067
Seychelles,2005,NA,NA,NA,NA,NA,NA,0.0119,0.0119
Seychelles,2010,NA,NA,NA,NA,NA,NA,0.0168,0.0168
Morocco,1955,0.92,NA,NA,NA,NA,NA,NA,0.92
Morocco,1960,0.9522,NA,NA,NA,NA,NA,NA,0.9522
Morocco,1965,0.95,NA,NA,NA,NA,NA,NA,0.95
Morocco,1970,0.9766,NA,NA,NA,NA,NA,NA,0.9766
Morocco,1975,0.9861,NA,NA,NA,NA,NA,NA,0.9861
Morocco,1980,0.99,NA,NA,NA,NA,NA,NA,0.99
Morocco,1985,0.9808,NA,NA,NA,NA,NA,NA,0.9808
Morocco,1990,0.977,NA,NA,NA,NA,NA,NA,0.977
Morocco,1995,0.9893,NA,NA,NA,NA,NA,NA,0.9893
Morocco,2000,0.9876,1e-4,NA,NA,NA,NA,NA,0.9877
Morocco,2005,0.989,1e-4,NA,NA,NA,NA,NA,0.9891
Morocco,2010,0.989,1e-4,NA,NA,NA,NA,NA,0.9891
Algeria,1965,0.9,NA,NA,NA,NA,NA,NA,0.9034
Algeria,1970,0.9902,NA,NA,NA,NA,NA,NA,0.9902
Algeria,1975,0.9902,NA,NA,NA,NA,NA,NA,0.9902
Algeria,1980,0.99,NA,NA,NA,NA,NA,NA,0.99
Algeria,1985,0.99,NA,NA,NA,NA,NA,NA,0.99
Algeria,1990,0.965,NA,NA,NA,NA,NA,NA,0.965
Algeria,1995,0.9697,NA,NA,NA,NA,NA,NA,0.9697
Algeria,2000,0.9796,NA,NA,NA,NA,0.0011,NA,0.9807
Algeria,2005,0.99,NA,NA,NA,NA,NA,NA,0.99
Algeria,2010,0.99,NA,NA,NA,NA,NA,NA,0.99
Tunisia,1955,0.89,NA,NA,NA,NA,NA,NA,0.89
Tunisia,1960,0.9311,NA,NA,NA,NA,NA,NA,0.9311
Tunisia,1965,0.9719,NA,NA,NA,NA,NA,NA,0.9719
Tunisia,1970,0.99,NA,NA,NA,NA,NA,NA,0.99
Tunisia,1975,0.95,NA,NA,NA,NA,NA,NA,0.95
Tunisia,1980,0.9758,NA,NA,NA,NA,NA,NA,0.9758
Tunisia,1985,0.9802,NA,NA,NA,NA,NA,NA,0.9802
Tunisia,1990,0.9898,NA,NA,NA,NA,NA,NA,0.9898
Tunisia,1995,0.985,NA,NA,NA,NA,NA,NA,0.985
Tunisia,2000,0.98,0.01,NA,NA,NA,NA,NA,0.99
Tunisia,2005,0.98,0.01,NA,NA,NA,NA,NA,0.99
Tunisia,2010,0.98,0.01,NA,NA,NA,NA,NA,0.99
Libya,1950,0.9323,NA,NA,NA,NA,NA,NA,0.9323
Libya,1955,0.9525,NA,NA,NA,NA,NA,NA,0.9525
Libya,1960,0.8623,NA,NA,NA,NA,NA,NA,0.8623
Libya,1965,0.9392,NA,NA,NA,NA,NA,NA,0.9392
Libya,1970,0.9538,NA,NA,NA,NA,NA,NA,0.9538
Libya,1975,0.9408,NA,NA,NA,NA,NA,NA,0.9408
Libya,1980,0.9439,NA,NA,NA,NA,NA,NA,0.9439
Libya,1985,0.9696,NA,NA,NA,NA,NA,NA,0.9696
Libya,1990,0.97,NA,NA,NA,NA,NA,NA,0.97
Libya,1995,0.9515,NA,NA,NA,NA,NA,NA,0.9515
Libya,2000,0.97,NA,NA,NA,NA,NA,NA,0.97
Libya,2005,0.97,NA,NA,NA,NA,NA,NA,0.97
Libya,2010,0.9695,NA,NA,NA,NA,NA,NA,0.9695
Sudan,1960,0.7165,NA,NA,NA,NA,NA,NA,0.7165
Sudan,1965,0.7028,NA,NA,NA,NA,NA,NA,0.7028
Sudan,1970,0.6962,NA,NA,NA,NA,NA,NA,0.6962
Sudan,1975,0.7123,NA,NA,NA,NA,NA,NA,0.7123
Sudan,1980,0.73,NA,NA,NA,NA,NA,NA,0.73
Sudan,1985,0.7271,NA,NA,NA,NA,NA,NA,0.7271
Sudan,1990,0.6751,NA,NA,NA,NA,NA,NA,0.6751
Sudan,1995,0.7,NA,NA,NA,NA,NA,NA,0.7
Sudan,2000,0.68,NA,NA,NA,NA,NA,NA,0.68
Sudan,2005,0.7,NA,NA,NA,NA,NA,NA,0.7
Sudan,2010,0.71,NA,NA,NA,NA,NA,NA,0.71
Iran,1945,0.06,0.9267,NA,NA,NA,NA,NA,0.9867
Iran,1950,0.0279,0.9216,NA,NA,NA,NA,NA,0.9495
Iran,1955,0.0232,0.96,NA,NA,NA,NA,NA,0.9832
Iran,1960,0.0466,0.9167,NA,NA,NA,NA,NA,0.9634
Iran,1965,0.011,0.3202,NA,NA,NA,NA,0.6469,0.978
Iran,1970,0.0523,0.9137,NA,NA,NA,NA,NA,0.9659
Iran,1975,NA,0.986,NA,NA,NA,NA,NA,0.986
Iran,1980,0.0509,0.9085,NA,NA,NA,NA,NA,0.9594
Iran,1985,0.0418,0.9346,NA,NA,NA,NA,NA,0.9765
Iran,1990,0.047,0.9272,NA,NA,NA,NA,NA,0.9742
Iran,1995,0.0549,0.91,NA,NA,NA,NA,NA,0.9649
Iran,2000,0.08,0.905,NA,NA,NA,NA,NA,0.985
Iran,2005,0.08,0.91,NA,NA,NA,NA,NA,0.99
Iran,2010,0.09,0.9,NA,NA,NA,NA,NA,0.99
Turkey,1945,0.9823,NA,NA,NA,NA,NA,NA,0.9823
Turkey,1950,0.9829,NA,NA,NA,NA,NA,NA,0.9829
Turkey,1955,0.9867,NA,NA,NA,NA,NA,NA,0.9867
Turkey,1960,0.9907,NA,NA,NA,NA,NA,NA,0.9907
Turkey,1965,0.9888,NA,NA,NA,NA,NA,NA,0.9888
Turkey,1970,0.9884,NA,NA,NA,NA,NA,NA,0.9884
Turkey,1975,0.9857,NA,NA,NA,NA,NA,NA,0.9857
Turkey,1980,0.9901,NA,NA,NA,NA,NA,NA,0.9901
Turkey,1985,0.9657,NA,NA,NA,NA,NA,NA,0.9657
Turkey,1990,0.847,0.0045,NA,NA,0.137,NA,NA,0.9885
Turkey,1995,0.83,0.0049,NA,NA,0.155,NA,NA,0.9899
Turkey,2000,0.83,0.0075,NA,NA,0.15,NA,NA,0.9875
Turkey,2005,0.81,0.0071,NA,NA,0.1693,NA,NA,0.9864
Turkey,2010,0.9858,NA,NA,NA,NA,NA,NA,0.9858
Iraq,1945,0.3457,0.5927,NA,NA,NA,NA,NA,0.9384
Iraq,1950,0.3392,0.5815,NA,NA,NA,NA,NA,0.9208
Iraq,1955,0.3276,0.5615,NA,NA,NA,NA,0.0014,0.8905
Iraq,1960,0.3241,0.5556,NA,NA,NA,NA,NA,0.8797
Iraq,1965,0.3531,0.6053,NA,NA,NA,NA,0.0087,0.967
Iraq,1970,0.3537,0.6063,NA,NA,NA,NA,NA,0.96
Iraq,1975,0.35,0.6,NA,NA,NA,NA,NA,0.95
Iraq,1980,0.3424,0.597,NA,NA,NA,NA,NA,0.9394
Iraq,1985,0.35,0.63,NA,NA,NA,NA,NA,0.98
Iraq,1990,0.36,0.6,NA,NA,NA,NA,NA,0.96
Iraq,1995,0.35,0.63,NA,NA,NA,NA,NA,0.98
Iraq,2000,0.32,0.63,NA,NA,NA,NA,NA,0.95
Iraq,2005,0.34,0.625,NA,NA,NA,NA,NA,0.965
Iraq,2010,0.325,0.625,NA,NA,NA,NA,NA,0.95
Egypt,1945,0.8358,NA,NA,NA,NA,NA,NA,0.8358
Egypt,1950,0.82,NA,NA,NA,NA,NA,NA,0.82
Egypt,1955,0.8716,NA,NA,NA,NA,NA,NA,0.8716
Egypt,1960,0.8932,NA,NA,NA,NA,NA,NA,0.8932
Egypt,1965,0.9204,NA,NA,NA,NA,NA,NA,0.9204
Egypt,1970,0.8754,NA,NA,NA,NA,NA,NA,0.8754
Egypt,1975,0.9263,NA,NA,NA,NA,NA,NA,0.9263
Egypt,1980,0.8721,NA,NA,NA,NA,NA,NA,0.8721
Egypt,1985,0.8855,NA,NA,NA,NA,NA,NA,0.8855
Egypt,1990,0.8598,NA,NA,NA,NA,NA,NA,0.8598
Egypt,1995,0.8066,NA,NA,NA,NA,NA,NA,0.8066
Egypt,2000,0.87,0.01,NA,NA,NA,NA,NA,0.88
Egypt,2005,0.86,NA,NA,NA,0.0041,NA,NA,0.8641
Egypt,2010,0.86,NA,NA,NA,0.0043,NA,NA,0.8643
Syria,1950,0.7179,0.0145,NA,NA,0.111,NA,NA,0.8434
Syria,1955,0.7656,0.013,NA,NA,0.1123,NA,NA,0.8909
Syria,1960,0.7904,0.0105,NA,NA,0.116,NA,NA,0.9168
Syria,1965,0.7656,0.0079,NA,NA,0.1123,NA,NA,0.8858
Syria,1970,0.7789,NA,NA,NA,0.1111,NA,NA,0.89
Syria,1975,0.7487,NA,NA,NA,0.1253,NA,NA,0.874
Syria,1980,0.74,NA,NA,NA,0.1269,NA,NA,0.8669
Syria,1985,0.7792,NA,NA,NA,0.1171,NA,NA,0.8963
Syria,1990,0.7895,NA,NA,NA,0.1187,NA,NA,0.9082
Syria,1995,0.74,NA,NA,NA,0.16,NA,NA,0.9
Syria,2000,0.74,NA,NA,NA,0.16,NA,NA,0.9
Syria,2005,0.74,NA,NA,NA,0.17,NA,NA,0.91
Syria,2010,0.742,NA,NA,NA,0.16,NA,NA,0.902
Lebanon,1945,0.28,0.19,NA,NA,NA,NA,NA,0.47
Lebanon,1950,0.2382,0.175,NA,NA,NA,NA,NA,0.4132
Lebanon,1955,0.2387,0.1803,NA,NA,NA,NA,NA,0.4189
Lebanon,1960,0.2639,0.1772,NA,NA,NA,NA,NA,0.441
Lebanon,1965,0.2402,0.1683,NA,NA,NA,NA,NA,0.4085
Lebanon,1970,0.22,0.16,NA,NA,NA,NA,NA,0.38
Lebanon,1975,0.2237,0.153,NA,NA,NA,3e-4,NA,0.377
Lebanon,1980,0.2604,0.1693,NA,NA,NA,5e-4,NA,0.4302
Lebanon,1985,0.24,0.26,NA,NA,NA,NA,NA,0.5
Lebanon,1990,0.2387,0.2916,NA,NA,NA,NA,NA,0.5303
Lebanon,1995,0.2659,0.3264,NA,NA,NA,NA,NA,0.5923
Lebanon,2000,0.2559,0.3141,NA,NA,NA,NA,NA,0.57
Lebanon,2005,0.27,0.27,NA,NA,NA,NA,NA,0.54
Lebanon,2010,0.27,0.27,NA,NA,NA,NA,NA,0.54
Jordan,1945,0.89,NA,NA,NA,NA,NA,NA,0.89
Jordan,1950,0.94,NA,NA,NA,NA,NA,NA,0.94
Jordan,1955,0.9255,NA,NA,NA,NA,NA,NA,0.9255
Jordan,1960,0.9381,NA,NA,NA,NA,NA,NA,0.9381
Jordan,1965,0.9403,NA,NA,NA,NA,NA,NA,0.9403
Jordan,1970,0.93,NA,NA,NA,NA,NA,NA,0.93
Jordan,1975,0.93,NA,NA,NA,NA,NA,NA,0.93
Jordan,1980,0.9315,NA,NA,NA,NA,NA,NA,0.9315
Jordan,1985,0.9347,NA,NA,NA,NA,NA,NA,0.9347
Jordan,1990,0.9494,NA,NA,NA,NA,NA,NA,0.9494
Jordan,1995,0.9256,NA,NA,NA,NA,NA,NA,0.9256
Jordan,2000,0.95,0.02,NA,NA,NA,NA,NA,0.97
Jordan,2005,0.95,0.02,NA,NA,NA,NA,NA,0.97
Jordan,2010,0.95,0.02,NA,NA,NA,NA,NA,0.97
Israel,1950,0.0845,NA,NA,NA,NA,NA,0.014,0.0985
Israel,1955,0.1004,NA,NA,NA,NA,NA,0.011,0.1114
Israel,1960,0.0891,NA,NA,NA,NA,NA,0.0099,0.099
Israel,1965,0.0728,NA,NA,NA,NA,NA,0.0081,0.0809
Israel,1970,0.108,NA,NA,NA,NA,NA,NA,0.108
Israel,1975,0.1072,NA,NA,NA,NA,NA,NA,0.1072
Israel,1980,0.1156,NA,NA,NA,NA,NA,0.0128,0.1285
Israel,1985,0.1228,NA,NA,NA,NA,NA,NA,0.1228
Israel,1990,0.1745,NA,NA,NA,NA,NA,NA,0.1745
Israel,1995,0.132,NA,NA,NA,NA,NA,0.0147,0.1466
Israel,2000,0.1378,NA,NA,NA,NA,NA,NA,0.1378
Israel,2005,0.146,NA,NA,NA,NA,NA,0.0162,0.1622
Israel,2010,0.1799,NA,NA,NA,NA,NA,0.02,0.1999
Saudi Arabia,1945,0.977,0.0105,NA,NA,NA,NA,NA,0.98740000000000006
Saudi Arabia,1950,0.9684,0.0141,NA,NA,NA,NA,NA,0.9825
Saudi Arabia,1955,0.9741,0.0139,NA,NA,NA,NA,NA,0.988
Saudi Arabia,1960,0.9755,0.0147,NA,NA,NA,NA,NA,0.9902
Saudi Arabia,1965,0.9453,0.0104,NA,NA,NA,NA,NA,0.9558
Saudi Arabia,1970,0.99,NA,NA,NA,NA,NA,NA,0.99
Saudi Arabia,1975,0.9605,0.0103,NA,NA,NA,NA,NA,0.9708
Saudi Arabia,1980,0.9631,0.0156,NA,NA,NA,NA,NA,0.9788
Saudi Arabia,1985,0.9488,0.0119,NA,NA,NA,NA,NA,0.9606
Saudi Arabia,1990,0.9384,0.0101,NA,NA,NA,NA,NA,0.9485
Saudi Arabia,1995,0.8981,0.0712,NA,NA,NA,NA,NA,0.9693
Saudi Arabia,2000,0.85,0.08,NA,NA,NA,NA,NA,0.93
Saudi Arabia,2005,0.85,0.0606,NA,NA,NA,NA,NA,0.9106
Saudi Arabia,2010,0.875,0.0632,NA,NA,NA,NA,NA,0.9382
Yemen Arab Republic,1945,0.3795,0.4568,NA,NA,NA,NA,NA,0.8363
Yemen Arab Republic,1950,0.4061,0.4964,NA,NA,NA,NA,NA,0.9025
Yemen Arab Republic,1955,0.432,0.528,NA,NA,NA,NA,NA,0.96
Yemen Arab Republic,1960,0.4457,0.5447,NA,NA,NA,NA,NA,0.9903
Yemen Arab Republic,1965,0.4425,0.5407,NA,NA,NA,NA,NA,0.9832
Yemen Arab Republic,1970,0.4498,0.5497,NA,NA,NA,NA,NA,0.9996
Yemen Arab Republic,1975,0.4517,0.548,NA,NA,NA,NA,NA,0.9996
Yemen Arab Republic,1980,0.4498,0.5496,NA,NA,NA,NA,NA,0.9995
Yemen Arab Republic,1985,0.4494,0.5492,NA,NA,NA,NA,NA,0.9987
Yemen Arab Republic,1990,0.3719,0.5589,NA,NA,NA,NA,NA,0.9308
Yemen,1990,0.5253,0.4699,NA,NA,NA,NA,NA,0.9952
Yemen,1995,0.5349,0.4624,NA,NA,NA,NA,NA,0.9973
Yemen,2000,0.69,0.31,NA,NA,NA,NA,NA,1
Yemen,2005,0.6142,0.3857,NA,NA,NA,NA,NA,0.9999
Yemen,2010,0.55,0.44,NA,NA,NA,NA,NA,0.99
Yemen People's Republic,1970,1,NA,NA,NA,NA,NA,NA,1
Yemen People's Republic,1975,1,NA,NA,NA,NA,NA,NA,1
Yemen People's Republic,1980,0.9995,NA,NA,NA,NA,NA,NA,0.9995
Yemen People's Republic,1985,0.9778,NA,NA,NA,NA,NA,NA,0.9778
Yemen People's Republic,1990,0.9484,NA,NA,NA,NA,NA,NA,0.9484
Kuwait,1960,0.7699,0.162,NA,NA,NA,NA,NA,0.9319
Kuwait,1965,0.78,0.14,NA,NA,NA,NA,NA,0.92
Kuwait,1970,0.76,0.14,NA,NA,NA,NA,NA,0.9
Kuwait,1975,0.79,0.14,NA,NA,NA,NA,NA,0.93
Kuwait,1980,0.79,0.14,NA,NA,NA,NA,NA,0.93
Kuwait,1985,0.79,0.14,NA,NA,NA,NA,NA,0.93
Kuwait,1990,0.7618,0.135,NA,NA,NA,NA,NA,0.8968
Kuwait,1995,0.4677,0.3237,NA,NA,NA,NA,0.1,0.8914
Kuwait,2000,0.5071,0.3,NA,NA,NA,NA,NA,0.8071
Kuwait,2005,0.643,0.2635,NA,NA,NA,NA,NA,0.9065
Kuwait,2010,0.7,0.2195,NA,NA,NA,NA,NA,0.9195
Bahrain,1970,0.4725,0.4725,NA,NA,NA,NA,NA,0.945
Bahrain,1975,0.4809,0.4809,NA,NA,NA,NA,NA,0.9618
Bahrain,1980,0.4362,0.4779,NA,NA,NA,NA,NA,0.9141
Bahrain,1985,0.3459,0.5176,NA,NA,NA,NA,NA,0.8635
Bahrain,1990,0.3459,0.5176,NA,NA,NA,NA,NA,0.8635
Bahrain,1995,0.2474,0.6981,NA,NA,NA,NA,NA,0.9455
Bahrain,2000,0.2779,0.629,NA,NA,NA,NA,NA,0.9068
Bahrain,2005,0.3018,0.579,NA,NA,NA,NA,NA,0.8808
Bahrain,2010,0.2957,0.6003,NA,NA,NA,NA,NA,0.896
Qatar,1970,0.9,0.1,NA,NA,NA,NA,NA,1
Qatar,1975,0.9009,0.0891,NA,NA,NA,NA,NA,0.99
Qatar,1980,0.8322,0.0873,NA,NA,NA,NA,NA,0.9196
Qatar,1985,0.8189,0.0848,NA,NA,NA,NA,NA,0.9036
Qatar,1990,0.8037,0.0535,NA,NA,NA,NA,NA,0.8572
Qatar,1995,0.8588,0.0547,NA,NA,NA,NA,NA,0.9135
Qatar,2000,0.37,0.1,NA,NA,NA,NA,NA,0.47
Qatar,2005,0.6585,0.0852,NA,NA,NA,NA,NA,0.7437
Qatar,2010,0.37,0.1,NA,NA,NA,NA,NA,0.47
United Arab Emirates,1970,0.6184,0.1584,NA,NA,NA,NA,0.0535,0.8303
United Arab Emirates,1975,0.6402,0.1762,NA,NA,NA,NA,0.0792,0.8956
United Arab Emirates,1980,0.6192,0.1437,NA,NA,NA,NA,0.1547,0.9176
United Arab Emirates,1985,0.6139,0.169,NA,NA,NA,NA,0.1665,0.9494
United Arab Emirates,1990,0.7392,0.1301,NA,NA,NA,NA,0.0625,0.9318
United Arab Emirates,1995,0.8,0.16,NA,NA,NA,NA,NA,0.96
United Arab Emirates,2000,0.5653,0.0829,NA,NA,NA,NA,NA,0.6482
United Arab Emirates,2005,0.5601,0.0825,NA,NA,NA,NA,NA,0.6425
United Arab Emirates,2010,0.5661,0.1087,NA,NA,NA,NA,NA,0.6748
Oman,1970,0.498,NA,NA,NA,NA,NA,NA,1
Oman,1975,0.5,NA,NA,NA,NA,NA,NA,1
Oman,1980,0.3741,NA,NA,NA,NA,NA,NA,0.9655
Oman,1985,0.3077,NA,NA,NA,NA,NA,NA,0.9389
Oman,1990,0.3077,NA,NA,NA,NA,NA,NA,0.8553
Oman,1995,0.2875,0.0917,NA,NA,NA,NA,NA,0.8915
Oman,2000,0.3002,0.0979,NA,NA,NA,NA,NA,0.9309
Oman,2005,0.295,0.0885,NA,NA,NA,NA,NA,0.9278
Oman,2010,0.2893,0.0705,NA,NA,NA,NA,NA,0.8987
Afghanistan,1945,0.882,0.1113,NA,NA,NA,NA,NA,0.9933
Afghanistan,1950,0.8916,0.103,NA,NA,NA,NA,NA,0.9947
Afghanistan,1955,0.8895,0.1027,NA,NA,NA,NA,NA,0.9922
Afghanistan,1960,0.8851,0.0928,NA,NA,NA,NA,NA,0.9779
Afghanistan,1965,0.8951,0.0845,NA,NA,NA,NA,NA,0.9796
Afghanistan,1970,0.8591,0.0931,NA,NA,NA,NA,0.037,0.9893
Afghanistan,1975,0.7805,0.1013,NA,NA,NA,NA,0.03,0.9118
Afghanistan,1980,0.845,0.11,NA,NA,NA,NA,0.0145,0.9695
Afghanistan,1985,0.845,0.11,NA,NA,NA,NA,0.0161,0.9711
Afghanistan,1990,0.845,0.11,NA,NA,NA,NA,0.0159,0.9709
Afghanistan,1995,0.845,0.11,NA,NA,NA,NA,0.0127,0.9677
Afghanistan,2000,0.845,0.12,NA,NA,NA,NA,0.0104,0.9754
Afghanistan,2005,0.845,0.12,NA,NA,NA,NA,0.0157,0.9807
Afghanistan,2010,0.8,0.19,NA,NA,NA,NA,0.0056,0.9956
Turkmenistan,1995,0.89,NA,NA,NA,NA,NA,NA,0.89
Turkmenistan,2000,0.89,NA,NA,NA,NA,NA,NA,0.89
Turkmenistan,2005,0.89,NA,NA,NA,NA,NA,NA,0.89
Turkmenistan,2010,0.89,NA,NA,NA,NA,NA,NA,0.89
Tajikistan,1995,0.8,0.05,NA,NA,NA,NA,NA,0.85
Tajikistan,2000,0.9,0.05,NA,NA,NA,NA,NA,0.95
Tajikistan,2005,0.9,0.05,NA,NA,NA,NA,NA,0.95
Tajikistan,2010,0.85,0.05,NA,NA,NA,NA,NA,0.9
Kyrgyzstan,1995,0.7229,NA,NA,NA,NA,NA,0.7229,0.7229
Kyrgyzstan,2000,0.8,2e-4,NA,NA,NA,NA,NA,0.8002
Kyrgyzstan,2005,0.8,2e-4,NA,NA,NA,NA,NA,0.8002
Kyrgyzstan,2010,0.77,2e-4,NA,NA,NA,NA,NA,0.7702
Uzbekistan,1995,0.85,0.03,NA,NA,NA,NA,NA,0.88
Uzbekistan,2000,0.85,0.03,NA,NA,NA,NA,NA,0.88
Uzbekistan,2005,0.9,0.01,NA,NA,NA,NA,NA,0.91
Uzbekistan,2010,0.92,0.01,NA,NA,NA,NA,NA,0.93
Kazakhstan,1995,0.4544,0.0156,NA,NA,NA,NA,NA,0.47
Kazakhstan,2000,0.4261,0.0189,NA,NA,NA,0.0062,0.0154,0.4666
Kazakhstan,2005,0.48,0.0255,NA,NA,NA,0.0062,NA,0.5117
Kazakhstan,2010,0.5632,0.03,NA,NA,NA,NA,NA,0.5932
China,1945,NA,NA,NA,NA,NA,NA,0.05,0.05
China,1950,NA,NA,NA,NA,NA,NA,0.0182,0.0182
China,1955,NA,NA,NA,NA,NA,NA,0.0178,0.0178
China,1960,NA,NA,NA,NA,NA,NA,0.0172,0.0172
China,1965,NA,NA,NA,NA,NA,NA,0.0162,0.0162
China,1970,NA,NA,NA,NA,NA,NA,0.0147,0.0147
China,1975,NA,NA,NA,NA,NA,NA,0.0145,0.0145
China,1980,NA,NA,NA,NA,NA,NA,0.0148,0.0148
China,1985,NA,NA,NA,NA,NA,NA,0.015,0.015
China,1990,NA,NA,NA,NA,NA,NA,0.015,0.015
China,1995,NA,NA,NA,NA,NA,NA,0.0152,0.0152
China,2000,NA,NA,NA,NA,NA,NA,0.0157,0.0157
China,2005,NA,NA,NA,NA,NA,NA,0.025,0.025
China,2010,NA,NA,NA,NA,NA,NA,0.025,0.025
Mongolia,1945,NA,NA,NA,NA,NA,NA,0.0074,0.0074
Mongolia,1950,NA,NA,NA,NA,NA,NA,0.0154,0.0154
Mongolia,1955,NA,NA,NA,NA,NA,NA,0.0298,0.0298
Mongolia,1960,NA,NA,NA,NA,NA,NA,0.04,0.04
Mongolia,1965,NA,NA,NA,NA,NA,NA,0.0273,0.0273
Mongolia,1970,NA,NA,NA,NA,NA,NA,0.0172,0.0172
Mongolia,1975,NA,NA,NA,NA,NA,NA,0.0165,0.0165
Mongolia,1980,NA,NA,NA,NA,NA,NA,0.0158,0.0158
Mongolia,1985,NA,NA,NA,NA,NA,NA,0.0216,0.0216
Mongolia,1990,NA,NA,NA,NA,NA,NA,0.0429,0.0429
Mongolia,1995,NA,NA,NA,NA,NA,NA,0.04,0.04
Mongolia,2000,NA,NA,NA,NA,NA,NA,0.03,0.03
Mongolia,2005,NA,NA,NA,NA,NA,NA,0.03,0.03
Mongolia,2010,NA,NA,NA,NA,NA,NA,0.03,0.03
Taiwan,1950,NA,NA,NA,NA,NA,NA,0.004,0.004
Taiwan,1955,NA,NA,NA,NA,NA,NA,0.0041,0.0041
Taiwan,1960,NA,NA,NA,NA,NA,NA,0.004,0.004
Taiwan,1965,NA,NA,NA,NA,NA,NA,0.0042,0.0042
Taiwan,1970,NA,NA,NA,NA,NA,NA,0.0041,0.0041
Taiwan,1975,NA,NA,NA,NA,NA,NA,0.0045,0.0045
Taiwan,1980,NA,NA,NA,NA,NA,NA,0.0047,0.0047
Taiwan,1985,NA,NA,NA,NA,NA,NA,0.0043,0.0043
Taiwan,1990,NA,NA,NA,NA,NA,NA,0.0039,0.0039
Taiwan,1995,NA,NA,NA,NA,NA,NA,0.0039,0.0039
Taiwan,2000,0.0024,5e-4,NA,NA,NA,NA,9e-4,0.0038
Taiwan,2005,NA,NA,NA,NA,NA,NA,0.0039,0.0039
Taiwan,2010,0.0029,5e-4,NA,NA,NA,NA,0.0011,0.0045
North Korea,1950,NA,NA,NA,NA,NA,NA,NA,NA
North Korea,1955,NA,NA,NA,NA,NA,NA,NA,NA
North Korea,1960,NA,NA,NA,NA,NA,NA,NA,NA
North Korea,1965,NA,NA,NA,NA,NA,NA,NA,NA
North Korea,1970,NA,NA,NA,NA,NA,NA,NA,NA
North Korea,1975,NA,NA,NA,NA,NA,NA,NA,NA
North Korea,1980,NA,NA,NA,NA,NA,NA,NA,NA
North Korea,1985,NA,NA,NA,NA,NA,NA,NA,NA
North Korea,1990,NA,NA,NA,NA,NA,NA,1e-4,1e-4
North Korea,1995,NA,NA,NA,NA,NA,NA,1e-4,1e-4
North Korea,2000,NA,NA,NA,NA,NA,NA,NA,NA
North Korea,2005,NA,NA,NA,NA,NA,NA,NA,NA
North Korea,2010,NA,NA,NA,NA,NA,NA,NA,NA
South Korea,1950,NA,NA,NA,NA,NA,NA,NA,NA
South Korea,1955,NA,NA,NA,NA,NA,NA,NA,NA
South Korea,1960,NA,NA,NA,NA,NA,NA,1e-4,1e-4
South Korea,1965,NA,NA,NA,NA,NA,NA,1e-4,1e-4
South Korea,1970,NA,NA,NA,NA,NA,NA,1e-4,1e-4
South Korea,1975,NA,NA,NA,NA,NA,NA,1e-4,1e-4
South Korea,1980,NA,NA,NA,NA,NA,NA,1e-4,1e-4
South Korea,1985,NA,NA,NA,NA,NA,NA,1e-4,1e-4
South Korea,1990,NA,NA,NA,NA,NA,NA,1e-4,1e-4
South Korea,1995,NA,NA,NA,NA,NA,NA,2e-4,2e-4
South Korea,2000,NA,NA,NA,NA,NA,NA,8e-4,8e-4
South Korea,2005,NA,NA,NA,NA,NA,NA,0.0015,0.0015
South Korea,2010,NA,NA,NA,NA,NA,NA,0.0015,0.0015
Japan,1945,NA,NA,NA,NA,NA,NA,NA,NA
Japan,1950,NA,NA,NA,NA,NA,NA,NA,NA
Japan,1955,NA,NA,NA,NA,NA,NA,NA,NA
Japan,1960,NA,NA,NA,NA,NA,NA,NA,NA
Japan,1965,NA,NA,NA,NA,NA,NA,NA,NA
Japan,1970,NA,NA,NA,NA,NA,NA,NA,NA
Japan,1975,NA,NA,NA,NA,NA,NA,4e-4,4e-4
Japan,1980,NA,NA,NA,NA,NA,NA,7e-4,7e-4
Japan,1985,NA,NA,NA,NA,NA,NA,0.001,0.001
Japan,1990,NA,NA,NA,NA,NA,NA,0.0013,0.0013
Japan,1995,NA,NA,NA,NA,NA,NA,0.0014,0.0014
Japan,2000,NA,NA,NA,NA,NA,NA,0.0015,0.0015
Japan,2005,NA,NA,NA,NA,NA,NA,0.0015,0.0015
Japan,2010,NA,NA,NA,NA,NA,NA,0.0015,0.0015
India,1950,NA,NA,NA,NA,NA,NA,0.1192,0.1192
India,1955,NA,NA,NA,NA,NA,NA,0.12,0.12
India,1960,NA,NA,NA,NA,NA,NA,0.1085,0.1085
India,1965,NA,NA,NA,NA,NA,NA,0.1118,0.1118
India,1970,NA,NA,NA,NA,NA,NA,0.1135,0.1135
India,1975,NA,NA,NA,NA,NA,NA,0.1191,0.1191
India,1980,NA,NA,NA,NA,NA,2e-4,0.1194,0.1196
India,1985,NA,NA,NA,NA,NA,NA,0.1145,0.1145
India,1990,NA,NA,NA,NA,NA,NA,0.121,0.121
India,1995,NA,NA,NA,NA,NA,NA,0.12,0.12
India,2000,0.1139,0.0201,NA,NA,NA,NA,NA,0.134
India,2005,0.1135,0.02,NA,NA,NA,NA,NA,0.1336
India,2010,0.1139,0.0201,NA,NA,NA,NA,NA,0.134
Bhutan,1975,NA,NA,NA,NA,NA,NA,0.03,0.03
Bhutan,1980,NA,NA,NA,NA,NA,NA,0.03,0.03
Bhutan,1985,NA,NA,NA,NA,NA,NA,0.03,0.03
Bhutan,1990,NA,NA,NA,NA,NA,NA,0.0103,0.0103
Bhutan,1995,NA,NA,NA,NA,NA,NA,0.0062,0.0062
Bhutan,2000,NA,NA,NA,NA,NA,NA,0.01,0.01
Bhutan,2005,NA,NA,NA,NA,NA,NA,0.01,0.01
Bhutan,2010,NA,NA,NA,NA,NA,NA,0.01,0.01
Pakistan,1950,NA,NA,NA,NA,NA,NA,0.9,0.9
Pakistan,1955,NA,NA,NA,NA,NA,NA,0.91,0.91
Pakistan,1960,NA,NA,NA,NA,NA,NA,0.9146,0.9146
Pakistan,1965,NA,NA,NA,NA,NA,NA,0.93,0.93
Pakistan,1970,NA,NA,NA,NA,NA,NA,0.9643,0.9643
Pakistan,1975,NA,NA,NA,NA,NA,NA,0.9449,0.9449
Pakistan,1980,NA,NA,NA,NA,NA,NA,0.96,0.96
Pakistan,1985,NA,NA,NA,NA,NA,NA,0.9538,0.9538
Pakistan,1990,NA,NA,NA,NA,NA,NA,0.9487,0.9487
Pakistan,1995,0.8117,0.1432,NA,NA,NA,NA,NA,0.955
Pakistan,2000,0.8117,0.1432,NA,NA,NA,NA,0.0019,0.9569
Pakistan,2005,0.8118,0.1433,NA,NA,NA,NA,0.0019,0.9569
Pakistan,2010,0.8117,0.1432,NA,NA,NA,NA,0.0019,0.9569
Bangladesh,1975,0.854,NA,NA,NA,NA,NA,NA,0.854
Bangladesh,1980,0.865,0.005,NA,NA,NA,NA,NA,0.87
Bangladesh,1985,0.872,0.0033,NA,NA,NA,NA,NA,0.8753
Bangladesh,1990,0.881,0.002,NA,NA,NA,NA,NA,0.883
Bangladesh,1995,0.8881,0.002,NA,NA,NA,NA,NA,0.8901
Bangladesh,2000,0.894,0.002,NA,NA,NA,NA,NA,0.896
Bangladesh,2005,0.8921,0.002,NA,NA,NA,NA,NA,0.8941
Bangladesh,2010,0.895,0.002,NA,NA,NA,NA,NA,0.897
Myanmar (Burma),1950,NA,NA,NA,NA,NA,NA,0.0365,0.0365
Myanmar (Burma),1955,NA,NA,NA,NA,NA,NA,0.0363,0.0363
Myanmar (Burma),1960,NA,NA,NA,NA,NA,NA,0.0344,0.0344
Myanmar (Burma),1965,NA,NA,NA,NA,NA,NA,0.0372,0.0372
Myanmar (Burma),1970,NA,NA,NA,NA,NA,NA,0.0382,0.0382
Myanmar (Burma),1975,NA,NA,NA,NA,NA,NA,0.0381,0.0381
Myanmar (Burma),1980,NA,NA,NA,NA,NA,NA,0.0377,0.0377
Myanmar (Burma),1985,0.0351,NA,NA,NA,NA,NA,NA,0.0351
Myanmar (Burma),1990,0.0261,NA,NA,NA,NA,NA,NA,0.0261
Myanmar (Burma),1995,0.04,NA,NA,NA,NA,NA,NA,0.04
Myanmar (Burma),2000,0.04,NA,NA,NA,NA,NA,NA,0.04
Myanmar (Burma),2005,0.04,NA,NA,NA,NA,NA,NA,0.04
Myanmar (Burma),2010,0.0417,NA,NA,NA,NA,NA,NA,0.0417
Sri Lanka,1950,NA,NA,NA,NA,NA,NA,0.0716,0.0716
Sri Lanka,1955,NA,NA,NA,NA,NA,NA,0.0665,0.0665
Sri Lanka,1960,NA,NA,NA,NA,NA,NA,0.0732,0.0732
Sri Lanka,1965,NA,NA,NA,NA,NA,NA,0.0733,0.0733
Sri Lanka,1970,NA,NA,NA,NA,NA,NA,0.073,0.073
Sri Lanka,1975,NA,NA,NA,NA,NA,NA,0.0751,0.0751
Sri Lanka,1980,NA,NA,NA,NA,NA,1e-4,0.0754,0.0755
Sri Lanka,1985,NA,NA,NA,NA,NA,NA,0.0773,0.0773
Sri Lanka,1990,NA,NA,NA,NA,NA,NA,0.0883,0.0883
Sri Lanka,1995,NA,NA,NA,NA,NA,NA,0.08,0.08
Sri Lanka,2000,0.0781,0.0069,NA,NA,NA,NA,NA,0.085
Sri Lanka,2005,0.0643,0.0057,NA,NA,NA,NA,NA,0.07
Sri Lanka,2010,0.0882,0.0078,NA,NA,NA,NA,NA,0.096
Maldives,1965,NA,NA,NA,NA,NA,NA,0.9908,0.9908
Maldives,1970,NA,NA,NA,NA,NA,NA,0.9174,0.9174
Maldives,1975,NA,NA,NA,NA,NA,NA,0.9824,0.9824
Maldives,1980,NA,NA,NA,NA,NA,NA,0.9837,0.9837
Maldives,1985,NA,NA,NA,NA,NA,NA,0.9348,0.9348
Maldives,1990,NA,NA,NA,NA,NA,NA,0.9918,0.9918
Maldives,1995,NA,NA,NA,NA,NA,NA,0.9506,0.9506
Maldives,2000,0.92,0.06,NA,NA,NA,NA,NA,0.98
Maldives,2005,0.92,0.06,NA,NA,NA,NA,NA,0.98
Maldives,2010,0.92,0.06,NA,NA,NA,NA,NA,0.98
Nepal,1945,NA,NA,NA,NA,NA,NA,0.01,0.01
Nepal,1950,NA,NA,NA,NA,NA,NA,0.0194,0.0194
Nepal,1955,NA,NA,NA,NA,NA,NA,0.0255,0.0255
Nepal,1960,NA,NA,NA,NA,NA,NA,0.0301,0.0301
Nepal,1965,NA,NA,NA,NA,NA,NA,0.0291,0.0291
Nepal,1970,NA,NA,NA,NA,NA,NA,0.0278,0.0278
Nepal,1975,NA,NA,NA,NA,NA,NA,0.028,0.028
Nepal,1980,NA,NA,NA,NA,NA,NA,0.029,0.029
Nepal,1985,NA,NA,NA,NA,NA,NA,0.0347,0.0347
Nepal,1990,NA,NA,NA,NA,NA,NA,0.0392,0.0392
Nepal,1995,NA,NA,NA,NA,NA,NA,0.03,0.03
Nepal,2000,NA,NA,NA,NA,NA,NA,0.042,0.042
Nepal,2005,NA,NA,NA,NA,NA,NA,0.0428,0.0428
Nepal,2010,NA,NA,NA,NA,NA,NA,0.0439,0.0439
Thailand,1945,NA,NA,NA,NA,NA,NA,0.02,0.02
Thailand,1950,NA,NA,NA,NA,NA,NA,0.0243,0.0243
Thailand,1955,NA,NA,NA,NA,NA,NA,0.0309,0.0309
Thailand,1960,NA,NA,NA,NA,NA,NA,0.0385,0.0385
Thailand,1965,NA,NA,NA,NA,NA,NA,0.0386,0.0386
Thailand,1970,NA,NA,NA,NA,NA,NA,0.0377,0.0377
Thailand,1975,NA,NA,NA,NA,NA,NA,0.0394,0.0394
Thailand,1980,NA,NA,NA,NA,NA,NA,0.0413,0.0413
Thailand,1985,NA,NA,NA,NA,NA,NA,0.04,0.04
Thailand,1990,NA,NA,NA,NA,NA,NA,0.04,0.04
Thailand,1995,NA,NA,NA,NA,NA,NA,0.04,0.04
Thailand,2000,0.09,0.01,NA,NA,NA,NA,NA,0.1
Thailand,2005,0.09,0.01,NA,NA,NA,NA,NA,0.1
Thailand,2010,0.09,0.01,NA,NA,NA,NA,NA,0.1
Cambodia,1955,NA,NA,NA,NA,NA,NA,0.0309,0.0309
Cambodia,1960,NA,NA,NA,NA,NA,NA,0.0287,0.0287
Cambodia,1965,NA,NA,NA,NA,NA,NA,0.0265,0.0265
Cambodia,1970,NA,NA,NA,NA,NA,NA,0.0245,0.0245
Cambodia,1975,NA,NA,NA,NA,NA,NA,0.025,0.025
Cambodia,1980,NA,NA,NA,NA,NA,NA,0.0285,0.0285
Cambodia,1985,NA,NA,NA,NA,NA,NA,0.0259,0.0259
Cambodia,1990,NA,NA,NA,NA,NA,NA,0.0233,0.0233
Cambodia,1995,NA,NA,NA,NA,NA,NA,0.0212,0.0212
Cambodia,2000,0.0193,0.0021,NA,NA,NA,NA,NA,0.0215
Cambodia,2005,0.0179,0.0016,NA,NA,NA,NA,NA,0.0195
Cambodia,2010,0.0179,0.0013,NA,NA,NA,NA,NA,0.0192
Laos,1955,NA,NA,NA,NA,NA,NA,0.0019,0.0019
Laos,1960,NA,NA,NA,NA,NA,NA,0.0018,0.0018
Laos,1965,NA,NA,NA,NA,NA,NA,0.0019,0.0019
Laos,1970,NA,NA,NA,NA,NA,NA,0.0019,0.0019
Laos,1975,NA,NA,NA,NA,NA,NA,0.007,0.007
Laos,1980,NA,NA,NA,NA,NA,NA,0.0115,0.0115
Laos,1985,NA,NA,NA,NA,NA,NA,0.0077,0.0077
Laos,1990,NA,NA,NA,NA,NA,NA,0.0043,0.0043
Laos,1995,NA,NA,NA,NA,NA,NA,0.0025,0.0025
Laos,2000,0.009,0.001,NA,NA,NA,NA,NA,0.01
Laos,2005,0.009,0.001,NA,NA,NA,NA,NA,0.01
Laos,2010,0.009,0.001,NA,NA,NA,NA,NA,0.01
Vietnam,1955,NA,NA,NA,NA,NA,NA,NA,NA
Vietnam,1960,NA,NA,NA,NA,NA,NA,NA,NA
Vietnam,1965,NA,NA,NA,NA,NA,NA,0.0029,0.0029
Vietnam,1970,NA,NA,NA,NA,NA,NA,0.0026,0.0026
Vietnam,1975,NA,NA,NA,NA,NA,NA,0.0024,0.0024
Vietnam,1980,NA,NA,NA,NA,NA,NA,0.0011,0.0011
Vietnam,1985,NA,NA,NA,NA,NA,NA,0.001,0.001
Vietnam,1990,NA,NA,NA,NA,NA,NA,9e-4,9e-4
Vietnam,1995,NA,NA,NA,NA,NA,NA,9e-4,9e-4
Vietnam,2000,0.001,1e-4,NA,NA,NA,NA,NA,0.0011
Vietnam,2005,0.001,1e-4,NA,NA,NA,NA,NA,0.0011
Vietnam,2010,0.001,1e-4,NA,NA,NA,NA,NA,0.0011
Republic of Vietnam,1955,NA,NA,NA,NA,NA,NA,NA,NA
Republic of Vietnam,1960,NA,NA,NA,NA,NA,NA,NA,NA
Republic of Vietnam,1965,NA,NA,NA,NA,NA,NA,NA,NA
Republic of Vietnam,1970,NA,NA,NA,NA,NA,NA,NA,NA
Malaysia,1960,NA,NA,NA,NA,NA,NA,0.3894,0.3894
Malaysia,1965,NA,NA,NA,NA,NA,NA,0.4291,0.4291
Malaysia,1970,NA,NA,NA,NA,NA,NA,0.5,0.5
Malaysia,1975,NA,NA,NA,NA,NA,NA,0.5,0.5
Malaysia,1980,NA,NA,NA,NA,NA,1e-4,0.5029,0.503
Malaysia,1985,NA,NA,NA,NA,NA,NA,0.5,0.5
Malaysia,1990,0.5266,0.0594,NA,NA,NA,NA,NA,0.586
Malaysia,1995,0.535,0.0604,NA,NA,NA,NA,NA,0.5954
Malaysia,2000,0.535,0.0604,NA,NA,NA,NA,NA,0.5954
Malaysia,2005,0.54,0.06,NA,NA,NA,NA,NA,0.6
Malaysia,2010,0.549,0.061,NA,NA,NA,NA,NA,0.61
Singapore,1965,NA,NA,NA,NA,NA,NA,0.1852,0.1852
Singapore,1970,NA,NA,NA,NA,NA,NA,0.1798,0.1798
Singapore,1975,NA,NA,NA,NA,NA,NA,0.1761,0.1761
Singapore,1980,NA,NA,NA,NA,NA,NA,0.1809,0.1809
Singapore,1985,NA,NA,NA,NA,NA,NA,0.1671,0.1671
Singapore,1990,NA,NA,NA,NA,NA,NA,0.183,0.183
Singapore,1995,NA,NA,NA,NA,NA,NA,0.1667,0.1667
Singapore,2000,NA,NA,NA,NA,NA,NA,0.149,0.149
Singapore,2005,NA,NA,NA,NA,NA,NA,0.1452,0.1452
Singapore,2010,NA,NA,NA,NA,NA,NA,0.1422,0.1422
Brunei,1985,NA,NA,NA,NA,NA,NA,0.61,0.61
Brunei,1990,NA,NA,NA,NA,NA,NA,0.61,0.61
Brunei,1995,NA,NA,NA,NA,NA,NA,0.6,0.6
Brunei,2000,NA,NA,NA,NA,NA,NA,0.67,0.67
Brunei,2005,NA,NA,NA,NA,NA,NA,0.67,0.67
Brunei,2010,NA,NA,NA,NA,NA,NA,0.8129,0.8129
Philippines,1950,NA,NA,NA,NA,NA,NA,0.0408,0.0408
Philippines,1955,NA,NA,NA,NA,NA,NA,0.04,0.04
Philippines,1960,NA,NA,NA,NA,NA,NA,0.04,0.04
Philippines,1965,NA,NA,NA,NA,NA,NA,0.0424,0.0424
Philippines,1970,NA,NA,NA,NA,NA,NA,0.0441,0.0441
Philippines,1975,NA,NA,NA,NA,NA,NA,0.0455,0.0455
Philippines,1980,NA,NA,NA,NA,NA,1e-4,0.0456,0.0457
Philippines,1985,NA,NA,NA,NA,NA,NA,0.0483,0.0483
Philippines,1990,NA,NA,NA,NA,NA,NA,0.046,0.046
Philippines,1995,0.05,0.003,NA,NA,NA,NA,NA,0.053
Philippines,2000,0.05,0.003,NA,NA,NA,NA,NA,0.053
Philippines,2005,0.05,0.003,NA,NA,NA,NA,NA,0.053
Philippines,2010,0.05,0.005,NA,NA,NA,NA,5e-4,0.0555
Indonesia,1950,NA,NA,NA,NA,NA,NA,0.7192,0.7192
Indonesia,1955,NA,NA,NA,NA,NA,NA,0.73,0.73
Indonesia,1960,NA,NA,NA,NA,NA,NA,0.76,0.76
Indonesia,1965,NA,NA,NA,NA,NA,NA,0.787,0.787
Indonesia,1970,NA,NA,NA,NA,NA,NA,0.8,0.8
Indonesia,1975,NA,NA,NA,NA,NA,NA,0.78,0.78
Indonesia,1990,0.835,0.007,NA,NA,NA,NA,NA,0.842
Indonesia,1995,0.8268,0.0081,NA,NA,NA,0.001,NA,0.8359
Indonesia,2000,0.82,0.009,NA,NA,NA,0.0019,NA,0.8309
Indonesia,2005,0.8277,0.0088,NA,NA,NA,0.002,NA,0.8385
Indonesia,2010,0.8293,0.0085,NA,NA,NA,0.0021,NA,0.8399
Timor-Leste,2005,NA,NA,NA,NA,NA,NA,0.008,0.008
Timor-Leste,2010,NA,NA,NA,NA,NA,NA,0.007,0.007
Australia,1945,NA,NA,NA,NA,NA,NA,0.0022,0.0022
Australia,1950,NA,NA,NA,NA,NA,NA,0.0022,0.0022
Australia,1955,NA,NA,NA,NA,NA,NA,0.0021,0.0021
Australia,1960,NA,NA,NA,NA,NA,NA,0.0021,0.0021
Australia,1965,NA,NA,NA,NA,NA,NA,0.002,0.002
Australia,1970,NA,NA,NA,NA,NA,NA,0.002,0.002
Australia,1975,NA,NA,NA,NA,NA,NA,0.002,0.002
Australia,1980,NA,NA,NA,NA,NA,NA,0.002,0.002
Australia,1985,NA,NA,NA,NA,NA,NA,0.006,0.006
Australia,1990,NA,NA,NA,NA,NA,NA,0.0094,0.0094
Australia,1995,NA,NA,NA,NA,NA,NA,0.0135,0.0135
Australia,2000,NA,NA,NA,NA,NA,NA,0.0163,0.0163
Australia,2005,NA,NA,NA,NA,NA,NA,0.017,0.017
Australia,2010,NA,NA,NA,NA,NA,NA,0.0223,0.0223
Papua New Guinea,1975,NA,NA,NA,NA,NA,NA,NA,NA
Papua New Guinea,1980,NA,NA,NA,NA,NA,NA,1e-4,1e-4
Papua New Guinea,1985,NA,NA,NA,NA,NA,NA,2e-4,2e-4
Papua New Guinea,1990,NA,NA,NA,NA,NA,NA,2e-4,2e-4
Papua New Guinea,1995,NA,NA,NA,NA,NA,NA,3e-4,3e-4
Papua New Guinea,2000,NA,NA,NA,NA,NA,NA,8e-4,8e-4
Papua New Guinea,2005,NA,NA,NA,NA,NA,NA,8e-4,8e-4
Papua New Guinea,2010,NA,NA,NA,NA,NA,NA,3e-4,3e-4
New Zealand,1945,NA,NA,NA,NA,NA,NA,1e-4,1e-4
New Zealand,1950,NA,NA,NA,NA,NA,NA,2e-4,2e-4
New Zealand,1955,NA,NA,NA,NA,NA,NA,2e-4,2e-4
New Zealand,1960,NA,NA,NA,NA,NA,NA,3e-4,3e-4
New Zealand,1965,NA,NA,NA,NA,NA,NA,3e-4,3e-4
New Zealand,1970,NA,NA,NA,NA,NA,NA,4e-4,4e-4
New Zealand,1975,NA,NA,NA,NA,NA,NA,4e-4,4e-4
New Zealand,1980,NA,NA,NA,NA,NA,NA,4e-4,4e-4
New Zealand,1985,NA,NA,NA,NA,NA,NA,0.0011,0.0011
New Zealand,1990,NA,NA,NA,NA,NA,NA,0.0017,0.0017
New Zealand,1995,NA,NA,NA,NA,NA,NA,0.0061,0.0061
New Zealand,2000,NA,NA,NA,NA,NA,NA,0.0091,0.0091
New Zealand,2005,NA,NA,NA,NA,NA,NA,0.0112,0.0112
New Zealand,2010,NA,NA,NA,NA,NA,NA,0.0112,0.0112
Vanuatu,1985,NA,NA,NA,NA,NA,NA,NA,NA
Vanuatu,1990,NA,NA,NA,NA,NA,NA,NA,NA
Vanuatu,1995,NA,NA,NA,NA,NA,NA,NA,NA
Vanuatu,2000,NA,NA,NA,NA,NA,NA,NA,NA
Vanuatu,2005,NA,NA,NA,NA,NA,NA,NA,NA
Vanuatu,2010,NA,NA,NA,NA,NA,NA,NA,NA
Solomon Islands,1980,NA,NA,NA,NA,NA,NA,7e-4,7e-4
Solomon Islands,1985,NA,NA,NA,NA,NA,NA,0.001,0.001
Solomon Islands,1990,NA,NA,NA,NA,NA,NA,0.0014,0.0014
Solomon Islands,1995,NA,NA,NA,NA,NA,NA,0.0019,0.0019
Solomon Islands,2000,NA,NA,NA,NA,NA,NA,0.0023,0.0023
Solomon Islands,2005,NA,NA,NA,NA,NA,NA,0.0022,0.0022
Solomon Islands,2010,NA,NA,NA,NA,NA,NA,0.0032,0.0032
Kiribati,2000,NA,NA,NA,NA,NA,NA,NA,NA
Kiribati,2005,NA,NA,NA,NA,NA,NA,NA,NA
Kiribati,2010,NA,NA,NA,NA,NA,NA,NA,NA
Tuvalu,2000,NA,NA,NA,NA,NA,NA,NA,NA
Tuvalu,2005,NA,NA,NA,NA,NA,NA,0.001,0.001
Tuvalu,2010,NA,NA,NA,NA,NA,NA,0.001,0.001
Fiji,1970,NA,NA,NA,NA,NA,NA,0.0777,0.0777
Fiji,1975,NA,NA,NA,NA,NA,NA,0.0789,0.0789
Fiji,1980,NA,NA,NA,NA,NA,0.008,0.0699,0.0779
Fiji,1985,NA,NA,NA,NA,NA,NA,0.0717,0.0717
Fiji,1990,NA,NA,NA,NA,NA,NA,0.0692,0.0692
Fiji,1995,NA,NA,NA,NA,NA,NA,0.06,0.06
Fiji,2000,NA,NA,NA,NA,NA,NA,0.0665,0.0665
Fiji,2005,NA,NA,NA,NA,NA,NA,0.07,0.07
Fiji,2010,NA,NA,NA,NA,NA,NA,0.06,0.06
Tonga,2000,NA,NA,NA,NA,NA,NA,NA,NA
Tonga,2005,NA,NA,NA,NA,NA,NA,NA,NA
Tonga,2010,NA,NA,NA,NA,NA,NA,NA,NA
Nauru,2000,NA,NA,NA,NA,NA,NA,NA,NA
Nauru,2005,NA,NA,NA,NA,NA,NA,NA,NA
Nauru,2010,NA,NA,NA,NA,NA,NA,NA,NA
Marshall Islands,1995,NA,NA,NA,NA,NA,NA,NA,NA
Marshall Islands,2000,NA,NA,NA,NA,NA,NA,NA,NA
Marshall Islands,2005,NA,NA,NA,NA,NA,NA,NA,NA
Marshall Islands,2010,NA,NA,NA,NA,NA,NA,NA,NA
Palau,1995,NA,NA,NA,NA,NA,NA,0.02,0.02
Palau,2000,NA,NA,NA,NA,NA,NA,0.0237,0.0237
Palau,2005,NA,NA,NA,NA,NA,NA,0.0227,0.0227
Palau,2010,NA,NA,NA,NA,NA,NA,0.022,0.022
Micronesia (Federated States of),1995,NA,NA,NA,NA,NA,NA,NA,NA
Micronesia (Federated States of),2000,NA,NA,NA,NA,NA,NA,NA,NA
Micronesia (Federated States of),2005,NA,NA,NA,NA,NA,NA,NA,NA
Micronesia (Federated States of),2010,NA,NA,NA,NA,NA,NA,NA,NA
Samoa,1980,NA,NA,NA,NA,NA,NA,2e-4,2e-4
Samoa,1985,NA,NA,NA,NA,NA,NA,2e-4,2e-4
Samoa,1990,NA,NA,NA,NA,NA,NA,2e-4,2e-4
Samoa,1995,NA,NA,NA,NA,NA,NA,3e-4,3e-4
Samoa,2000,NA,NA,NA,NA,NA,NA,3e-4,3e-4
Samoa,2005,NA,NA,NA,NA,NA,NA,3e-4,3e-4
Samoa,2010,NA,NA,NA,NA,NA,NA,3e-4,3e-4
